{"01_epoch": 69, "02_train_loss": 0.01327476654492333, "03_valid_loss": 0.0331365168094635, "04_valid_best_score": 0.4509511425432236, "05_valid_best_constant": 0.17142857142857143, "apoo_ferritin_r": 0.3939393939393939, "apoo_ferritin_p": 0.47560975609756095, "apoo_ferritin_f4": 0.3979591836734694, "beta_amylase_r": 0.19047619047619047, "beta_amylase_p": 0.0449438202247191, "beta_amylase_f4": 0.16, "beta_galactosidase_r": 0.41025641025641024, "beta_galactosidase_p": 0.26229508196721313, "beta_galactosidase_f4": 0.3970802919708029, "ribosome_r": 0.41304347826086957, "ribosome_p": 0.4418604651162791, "ribosome_f4": 0.4146341463414634, "thyroglobulin_r": 0.4177215189873418, "thyroglobulin_p": 0.1907514450867052, "thyroglobulin_f4": 0.39039665970772447, "virus_like_particle_r": 0.7631578947368421, "virus_like_particle_p": 0.8787878787878788, "virus_like_particle_f4": 0.7691107644305772, "_timestamp": 1737785580.774691, "_runtime": 25485.37695503235, "_step": 69}