{"01_epoch": 14, "02_train_loss": 0.5443967950153858, "03_valid_loss": 0.7893602848052979, "04_valid_best_score": 0.73674703635853, "apoo_ferritin_r": 0.8210526315789474, "apoo_ferritin_p": 0.5131578947368421, "apoo_ferritin_f4": 0.7930622009569378, "beta_amylase_r": 0.9166666666666666, "beta_amylase_p": 0.04230769230769231, "beta_amylase_f4": 0.413716814159292, "beta_galactosidase_r": 0.7857142857142857, "beta_galactosidase_p": 0.09734513274336283, "beta_galactosidase_f4": 0.5548961424332344, "ribosome_r": 0.9347826086956522, "ribosome_p": 0.42574257425742573, "ribosome_f4": 0.873357228195938, "thyroglobulin_r": 0.9642857142857143, "thyroglobulin_p": 0.12980769230769232, "thyroglobulin_f4": 0.6996951219512196, "virus_like_particle_r": 1.0, "virus_like_particle_p": 0.7586206896551724, "virus_like_particle_f4": 0.9816272965879265, "apo-ferritin": 0.7, "beta-amylase": 0.05, "beta-galactosidase": 0.55, "ribosome": 0.55, "thyroglobulin": 0.4, "virus-like-particle": 0.7, "_timestamp": 1738079510.8525655, "_runtime": 6995.964640617371, "_step": 14, "_wandb": {"runtime": 6994}}