{"01_epoch": 1, "02_train_loss": 0.7303001470863819, "03_valid_loss": 0.5409532785415649, "04_valid_best_score": 0.6529545912413431, "apoo_ferritin_r": 0.5652173913043478, "apoo_ferritin_p": 0.3132530120481928, "apoo_ferritin_f4": 0.5396825396825397, "beta_amylase_r": 0.7, "beta_amylase_p": 0.011627906976744186, "beta_amylase_f4": 0.15616797900262466, "beta_galactosidase_r": 0.8333333333333334, "beta_galactosidase_p": 0.053763440860215055, "beta_galactosidase_f4": 0.4497354497354497, "ribosome_r": 0.8709677419354839, "ribosome_p": 0.2903225806451613, "ribosome_f4": 0.7792869269949065, "thyroglobulin_r": 0.9666666666666667, "thyroglobulin_p": 0.13875598086124402, "thyroglobulin_f4": 0.7155297532656022, "virus_like_particle_r": 1.0, "virus_like_particle_p": 0.4074074074074074, "virus_like_particle_f4": 0.9211822660098522, "apo-ferritin": 0.2, "beta-amylase": 0.05, "beta-galactosidase": 0.75, "ribosome": 0.6, "thyroglobulin": 0.75, "virus-like-particle": 0.65, "_timestamp": 1738493197.2285545, "_runtime": 754.8359274864197, "_step": 1}