{"01_epoch": 24, "02_train_loss": 0.6998758093877272, "03_valid_loss": 0.5132958292961121, "04_valid_best_score": 0.6423106828680764, "apoo_ferritin_r": 0.9714285714285714, "apoo_ferritin_p": 0.6415094339622641, "apoo_ferritin_f4": 0.9429037520391517, "beta_amylase_r": 0.0, "beta_amylase_p": 0.0, "beta_amylase_f4": 0.0, "beta_galactosidase_r": 0.0, "beta_galactosidase_p": 0.0, "beta_galactosidase_f4": 0.0, "ribosome_r": 0.972972972972973, "ribosome_p": 0.72, "ribosome_f4": 0.9532710280373833, "thyroglobulin_r": 0.9411764705882353, "thyroglobulin_p": 0.23529411764705882, "thyroglobulin_f4": 0.7999999999999999, "virus_like_particle_r": 1.0, "virus_like_particle_p": 1.0, "virus_like_particle_f4": 1.0, "apo-ferritin": 0.65, "beta-amylase": 0.05, "beta-galactosidase": 0.05, "ribosome": 0.45, "thyroglobulin": 0.45, "virus-like-particle": 0.4, "_timestamp": 1738006170.2186708, "_runtime": 6731.739411830902, "_step": 24, "_wandb": {"runtime": 6730}}