{"01_epoch": 14, "02_train_loss": 0.5597456162597271, "03_valid_loss": 0.4922482967376709, "04_valid_best_score": 0.7618399822314685, "apoo_ferritin_r": 0.8448275862068966, "apoo_ferritin_p": 0.7205882352941176, "apoo_ferritin_f4": 0.8363453815261044, "beta_amylase_r": 1.0, "beta_amylase_p": 0.07142857142857142, "beta_amylase_f4": 0.5666666666666667, "beta_galactosidase_r": 0.8333333333333334, "beta_galactosidase_p": 0.1724137931034483, "beta_galactosidase_f4": 0.68, "ribosome_r": 0.8513513513513513, "ribosome_p": 0.5206611570247934, "ribosome_f4": 0.8206896551724139, "thyroglobulin_r": 0.8666666666666667, "thyroglobulin_p": 0.24761904761904763, "thyroglobulin_f4": 0.7555555555555555, "virus_like_particle_r": 0.8, "virus_like_particle_p": 0.8888888888888888, "virus_like_particle_f4": 0.8047337278106509, "apo-ferritin": 0.65, "beta-amylase": 0.05, "beta-galactosidase": 0.5, "ribosome": 0.7, "thyroglobulin": 0.75, "virus-like-particle": 0.75, "_timestamp": 1738177782.7051992, "_runtime": 6909.855108261108, "_step": 14, "_wandb": {"runtime": 6908}}