{"01_epoch": 2, "02_train_loss": 0.00518796160097488, "03_valid_loss": 0.011017672717571259, "04_valid_best_score": 0.6899668750467569, "05_valid_best_constant": 0.17142857142857143, "apoo_ferritin_r": 0.4782608695652174, "apoo_ferritin_p": 0.36666666666666664, "apoo_ferritin_f4": 0.46984924623115576, "beta_amylase_r": 0.2, "beta_amylase_p": 0.045454545454545456, "beta_amylase_f4": 0.16666666666666666, "beta_galactosidase_r": 0.6666666666666666, "beta_galactosidase_p": 0.25, "beta_galactosidase_f4": 0.6071428571428571, "ribosome_r": 0.8387096774193549, "ribosome_p": 0.5098039215686274, "ribosome_f4": 0.8080438756855577, "thyroglobulin_r": 0.7333333333333333, "thyroglobulin_p": 0.2857142857142857, "thyroglobulin_f4": 0.6714542190305205, "virus_like_particle_r": 1.0, "virus_like_particle_p": 0.9166666666666666, "virus_like_particle_f4": 0.9946808510638298, "_timestamp": 1737738816.616671, "_runtime": 210.8712601661682, "_step": 2}