{"01_epoch": 14, "02_train_loss": 0.5413271615162809, "03_valid_loss": 0.5541361570358276, "04_valid_best_score": 0.7995045401924334, "apoo_ferritin_r": 1.0, "apoo_ferritin_p": 0.5147058823529411, "apoo_ferritin_f4": 0.9474522292993631, "beta_amylase_r": 0.8333333333333334, "beta_amylase_p": 0.030303030303030304, "beta_amylase_f4": 0.32567049808429116, "beta_galactosidase_r": 0.8125, "beta_galactosidase_p": 0.1262135922330097, "beta_galactosidase_f4": 0.6155988857938718, "ribosome_r": 0.9459459459459459, "ribosome_p": 0.5555555555555556, "ribosome_f4": 0.9083969465648856, "thyroglobulin_r": 0.9705882352941176, "thyroglobulin_p": 0.17098445595854922, "thyroglobulin_f4": 0.7611940298507464, "virus_like_particle_r": 1.0, "virus_like_particle_p": 0.8181818181818182, "virus_like_particle_f4": 0.9870967741935484, "apo-ferritin": 0.45, "beta-amylase": 0.05, "beta-galactosidase": 0.5, "ribosome": 0.6, "thyroglobulin": 0.5, "virus-like-particle": 0.55, "_timestamp": 1738184694.1888804, "_runtime": 6904.8666825294495, "_step": 14, "_wandb": {"runtime": 6903}}