{"01_epoch": 0, "02_train_loss": 0.847119504149924, "03_valid_loss": 0.782565712928772, "04_valid_best_score": 0.2093986656087197, "apoo_ferritin_r": 0.06315789473684211, "apoo_ferritin_p": 0.013793103448275862, "apoo_ferritin_f4": 0.052173913043478265, "beta_amylase_r": 0.0, "beta_amylase_p": 0.0, "beta_amylase_f4": 0.0, "beta_galactosidase_r": 0.21428571428571427, "beta_galactosidase_p": 0.00974025974025974, "beta_galactosidase_f4": 0.09586466165413535, "ribosome_r": 0.9347826086956522, "ribosome_p": 0.19369369369369369, "ribosome_f4": 0.7630480167014615, "thyroglobulin_r": 0.35714285714285715, "thyroglobulin_p": 0.034129692832764506, "thyroglobulin_f4": 0.22941970310391363, "virus_like_particle_r": 0.0, "virus_like_particle_p": 0.0, "virus_like_particle_f4": 0.0, "apo-ferritin": 0.05, "beta-amylase": 0.05, "beta-galactosidase": 0.05, "ribosome": 0.05, "thyroglobulin": 0.05, "virus-like-particle": 0.1, "_timestamp": 1738393545.4326758, "_runtime": 554.6622829437256, "_step": 0}