{"01_epoch": 30, "02_train_loss": 0.018517881591729488, "03_valid_loss": 0.019891386851668358, "04_valid_best_score": 0.6189450280248706, "05_valid_best_constant": 0.11071428571428571, "apoo_ferritin_r": 0.5217391304347826, "apoo_ferritin_p": 0.41379310344827586, "apoo_ferritin_f4": 0.5138539042821159, "beta_amylase_r": 0.2, "beta_amylase_p": 0.10526315789473684, "beta_amylase_f4": 0.1899441340782123, "beta_galactosidase_r": 0.5, "beta_galactosidase_p": 0.46153846153846156, "beta_galactosidase_f4": 0.4975609756097561, "ribosome_r": 0.9032258064516129, "ribosome_p": 0.5833333333333334, "ribosome_f4": 0.875, "thyroglobulin_r": 0.5, "thyroglobulin_p": 0.32608695652173914, "thyroglobulin_f4": 0.48479087452471487, "virus_like_particle_r": 1.0, "virus_like_particle_p": 0.7333333333333333, "virus_like_particle_f4": 0.9790575916230366, "_timestamp": 1737829349.2185304, "_runtime": 9083.254541397095, "_step": 30}