{"01_epoch": 11, "02_train_loss": 0.5938631192434067, "03_valid_loss": 0.517852783203125, "04_valid_best_score": 0.749297269345747, "apoo_ferritin_r": 0.8260869565217391, "apoo_ferritin_p": 0.6031746031746031, "apoo_ferritin_f4": 0.8085106382978723, "beta_amylase_r": 0.5, "beta_amylase_p": 0.03731343283582089, "beta_amylase_f4": 0.2891156462585034, "beta_galactosidase_r": 0.8333333333333334, "beta_galactosidase_p": 0.10752688172043011, "beta_galactosidase_f4": 0.5964912280701755, "ribosome_r": 0.9354838709677419, "ribosome_p": 0.29591836734693877, "ribosome_f4": 0.82996632996633, "thyroglobulin_r": 0.8666666666666667, "thyroglobulin_p": 0.18181818181818182, "thyroglobulin_f4": 0.7094703049759229, "virus_like_particle_r": 1.0, "virus_like_particle_p": 0.9166666666666666, "virus_like_particle_f4": 0.9946808510638298, "apo-ferritin": 0.75, "beta-amylase": 0.05, "beta-galactosidase": 0.65, "ribosome": 0.5, "thyroglobulin": 0.6, "virus-like-particle": 0.75, "_timestamp": 1738249478.07966, "_runtime": 5740.477037906647, "_step": 11}