{"01_epoch": 5, "02_train_loss": 0.5845050498344978, "03_valid_loss": 0.6050703525543213, "04_valid_best_score": 0.36971419423436586, "apoo_ferritin_r": 0.3894736842105263, "apoo_ferritin_p": 0.16591928251121077, "apoo_ferritin_f4": 0.3608720596672404, "beta_amylase_r": 0.25, "beta_amylase_p": 0.0009213759213759214, "beta_amylase_f4": 0.014791183294663574, "beta_galactosidase_r": 0.5714285714285714, "beta_galactosidase_p": 0.013029315960912053, "beta_galactosidase_f4": 0.16229116945107402, "ribosome_r": 0.9130434782608695, "ribosome_p": 0.018010291595197257, "ribosome_f4": 0.23272490221642764, "thyroglobulin_r": 0.7857142857142857, "thyroglobulin_p": 0.03421461897356143, "thyroglobulin_f4": 0.3428047662694776, "virus_like_particle_r": 1.0, "virus_like_particle_p": 0.7857142857142857, "virus_like_particle_f4": 0.9842105263157895, "apo-ferritin": 0.75, "beta-amylase": 0.05, "beta-galactosidase": 0.55, "ribosome": 0.75, "thyroglobulin": 0.75, "virus-like-particle": 0.75, "_timestamp": 1738399852.3956509, "_runtime": 2965.519036769867, "_step": 5}