{"01_epoch": 0, "02_train_loss": 0.9516408244768778, "03_valid_loss": 0.9406251311302185, "04_valid_best_score": 0.0063988730835093195, "apoo_ferritin_r": 0.0, "apoo_ferritin_p": 0.0, "apoo_ferritin_f4": 0.0, "beta_amylase_r": 0.0, "beta_amylase_p": 0.0, "beta_amylase_f4": 0.0, "beta_galactosidase_r": 0.0, "beta_galactosidase_p": 0.0, "beta_galactosidase_f4": 0.0, "ribosome_r": 0.021739130434782608, "ribosome_p": 0.00017322016282695306, "ribosome_f4": 0.0026117683207866034, "thyroglobulin_r": 0.03571428571428571, "thyroglobulin_p": 0.0011198208286674132, "thyroglobulin_f4": 0.01267710663683818, "virus_like_particle_r": 0.13636363636363635, "virus_like_particle_p": 0.0011198208286674132, "virus_like_particle_f4": 0.016826129990102277, "apo-ferritin": 0.05, "beta-amylase": 0.05, "beta-galactosidase": 0.05, "ribosome": 0.15, "thyroglobulin": 0.1, "virus-like-particle": 0.2, "_timestamp": 1737978690.9716163, "_runtime": 296.4476182460785, "_step": 0, "_wandb": {"runtime": 280}}