{"01_epoch": 0, "02_train_loss": 0.8590995348695564, "03_valid_loss": 0.7857072949409485, "04_valid_best_score": 0.12976121298005833, "apoo_ferritin_r": 0.15789473684210525, "apoo_ferritin_p": 0.0030193236714975845, "apoo_ferritin_f4": 0.03930332922318126, "beta_amylase_r": 0.08333333333333333, "beta_amylase_p": 0.0002986857825567503, "beta_amylase_f4": 0.00480225988700565, "beta_galactosidase_r": 0.5714285714285714, "beta_galactosidase_p": 0.0023014959723820483, "beta_galactosidase_f4": 0.036756756756756756, "ribosome_r": 0.7391304347826086, "ribosome_p": 0.20481927710843373, "ribosome_f4": 0.6407982261640798, "thyroglobulin_r": 0.5, "thyroglobulin_p": 0.003951453570420547, "thyroglobulin_f4": 0.05963417689802055, "virus_like_particle_r": 0.5909090909090909, "virus_like_particle_p": 0.002209756926738059, "virus_like_particle_f4": 0.03544506816359262, "apo-ferritin": 0.1, "beta-amylase": 0.05, "beta-galactosidase": 0.05, "ribosome": 0.75, "thyroglobulin": 0.1, "virus-like-particle": 0.05, "_timestamp": 1738394345.4037747, "_runtime": 651.8139758110046, "_step": 0}