{"01_epoch": 45, "02_train_loss": 0.009009937462079424, "03_valid_loss": 0.017272768542170525, "04_valid_best_score": 0.6682995203044738, "05_valid_best_constant": 0.11071428571428571, "apoo_ferritin_r": 0.3695652173913043, "apoo_ferritin_p": 0.3090909090909091, "apoo_ferritin_f4": 0.3653603034134007, "beta_amylase_r": 0.3, "beta_amylase_p": 0.0625, "beta_amylase_f4": 0.24519230769230765, "beta_galactosidase_r": 0.75, "beta_galactosidase_p": 0.15517241379310345, "beta_galactosidase_f4": 0.6120000000000001, "ribosome_r": 0.8709677419354839, "ribosome_p": 0.48214285714285715, "ribosome_f4": 0.8315217391304348, "thyroglobulin_r": 0.7333333333333333, "thyroglobulin_p": 0.2, "thyroglobulin_f4": 0.6338983050847458, "virus_like_particle_r": 1.0, "virus_like_particle_p": 0.8461538461538461, "virus_like_particle_f4": 0.9894179894179894, "_timestamp": 1737794216.2671943, "_runtime": 4267.676565170288, "_step": 45}