{"01_epoch": 23, "02_train_loss": 0.023033821731311917, "03_valid_loss": 0.013808819465339184, "04_valid_best_score": 0.4101134129705558, "05_valid_best_constant": 0.05, "apoo_ferritin_r": 0.5, "apoo_ferritin_p": 0.3333333333333333, "apoo_ferritin_f4": 0.4857142857142857, "beta_amylase_r": 0.0, "beta_amylase_p": 0.0, "beta_amylase_f4": 0.0, "beta_galactosidase_r": 0.0, "beta_galactosidase_p": 0.0, "beta_galactosidase_f4": 0.0, "ribosome_r": 0.6774193548387096, "ribosome_p": 0.13636363636363635, "ribosome_f4": 0.5492307692307692, "thyroglobulin_r": 0.6, "thyroglobulin_p": 0.1323529411764706, "thyroglobulin_f4": 0.49675324675324667, "virus_like_particle_r": 1.0, "virus_like_particle_p": 0.2391304347826087, "virus_like_particle_f4": 0.8423423423423423, "_timestamp": 1737799254.0020905, "_runtime": 3771.7341895103455, "_step": 23}