{"01_epoch": 16, "02_train_loss": 0.5573001146316529, "03_valid_loss": 0.5280991792678833, "04_valid_best_score": 0.29798580826334004, "apoo_ferritin_r": 0.8260869565217391, "apoo_ferritin_p": 0.6909090909090909, "apoo_ferritin_f4": 0.8166877370417194, "beta_amylase_r": 0.0, "beta_amylase_p": 0.0, "beta_amylase_f4": 0.0, "beta_galactosidase_r": 0.08333333333333333, "beta_galactosidase_p": 1.0, "beta_galactosidase_f4": 0.08808290155440414, "ribosome_r": 0.9032258064516129, "ribosome_p": 0.4745762711864407, "ribosome_f4": 0.8576576576576577, "thyroglobulin_r": 0.06666666666666667, "thyroglobulin_p": 0.25, "thyroglobulin_f4": 0.06967213114754099, "virus_like_particle_r": 0.09090909090909091, "virus_like_particle_p": 1.0, "virus_like_particle_f4": 0.096045197740113, "apo-ferritin": 0.5, "beta-amylase": 0.05, "beta-galactosidase": 0.05, "ribosome": 0.5, "thyroglobulin": 0.35, "virus-like-particle": 0.05, "_timestamp": 1737898081.2545924, "_runtime": 6097.762520313263, "_step": 16}