{"01_epoch": 14, "02_train_loss": 0.9469903409481049, "03_valid_loss": 0.9547567963600159, "04_valid_best_score": 0.0987861862729306, "apoo_ferritin_r": 0.4, "apoo_ferritin_p": 0.0024385548353975488, "apoo_ferritin_f4": 0.03777115126001287, "beta_amylase_r": 0.0, "beta_amylase_p": 0.0, "beta_amylase_f4": 0.0, "beta_galactosidase_r": 0.07142857142857142, "beta_galactosidase_p": 0.00048449612403100775, "beta_galactosidase_f4": 0.007430069930069931, "ribosome_r": 0.6086956521739131, "ribosome_p": 0.09120521172638436, "ribosome_f4": 0.45637583892617456, "thyroglobulin_r": 0.17857142857142858, "thyroglobulin_p": 0.008503401360544218, "thyroglobulin_f4": 0.08204633204633205, "virus_like_particle_r": 0.8636363636363636, "virus_like_particle_p": 0.001104715390429676, "virus_like_particle_f4": 0.018403509771522993, "apo-ferritin": 0.15, "beta-amylase": 0.05, "beta-galactosidase": 0.15, "ribosome": 0.75, "thyroglobulin": 0.1, "virus-like-particle": 0.2, "_timestamp": 1738265440.6458693, "_runtime": 15657.424702167511, "_step": 14, "_wandb": {"runtime": 15656}}