{"01_epoch": 14, "02_train_loss": 0.9488608405945149, "03_valid_loss": 0.9566007852554321, "04_valid_best_score": 0.12287758026051598, "apoo_ferritin_r": 0.0, "apoo_ferritin_p": 0.0, "apoo_ferritin_f4": 0.0, "beta_amylase_r": 0.0, "beta_amylase_p": 0.0, "beta_amylase_f4": 0.0, "beta_galactosidase_r": 0.8333333333333334, "beta_galactosidase_p": 0.0015604275571506592, "beta_galactosidase_f4": 0.025755624573895915, "ribosome_r": 0.8769230769230769, "ribosome_p": 0.2446351931330472, "ribosome_f4": 0.7611940298507462, "thyroglobulin_r": 0.061224489795918366, "thyroglobulin_p": 0.0014749262536873156, "thyroglobulin_f4": 0.018097941802696946, "virus_like_particle_r": 0.38461538461538464, "virus_like_particle_p": 0.0006799945600435197, "virus_like_particle_f4": 0.011241899219679937, "apo-ferritin": 0.05, "beta-amylase": 0.05, "beta-galactosidase": 0.15, "ribosome": 0.35, "thyroglobulin": 0.2, "virus-like-particle": 0.15, "_timestamp": 1738273531.2516918, "_runtime": 8084.2595229148865, "_step": 14, "_wandb": {"runtime": 8082}}