{"01_epoch": 0, "02_train_loss": 0.8438929649109536, "03_valid_loss": 0.8510119318962097, "04_valid_best_score": 0.4013522236224717, "apoo_ferritin_r": 0.4842105263157895, "apoo_ferritin_p": 0.11138014527845036, "apoo_ferritin_f4": 0.40455250905328505, "beta_amylase_r": 0.08333333333333333, "beta_amylase_p": 0.003205128205128205, "beta_amylase_f4": 0.03373015873015873, "beta_galactosidase_r": 0.35714285714285715, "beta_galactosidase_p": 0.012345679012345678, "beta_galactosidase_f4": 0.13513513513513511, "ribosome_r": 0.8695652173913043, "ribosome_p": 0.449438202247191, "ribosome_f4": 0.8242424242424242, "thyroglobulin_r": 0.7857142857142857, "thyroglobulin_p": 0.043052837573385516, "thyroglobulin_f4": 0.3899895724713243, "virus_like_particle_r": 0.9090909090909091, "virus_like_particle_p": 0.06920415224913495, "virus_like_particle_f4": 0.5304212168486739, "apo-ferritin": 0.05, "beta-amylase": 0.05, "beta-galactosidase": 0.05, "ribosome": 0.7, "thyroglobulin": 0.05, "virus-like-particle": 0.1, "_timestamp": 1738395053.6673853, "_runtime": 578.8087284564972, "_step": 0}