{"01_epoch": 14, "02_train_loss": 0.49244284317378073, "03_valid_loss": 0.7230862736701965, "04_valid_best_score": 0.4491771847263003, "apoo_ferritin_r": 0.7350427350427351, "apoo_ferritin_p": 0.09252286175363099, "apoo_ferritin_f4": 0.5218632875245404, "beta_amylase_r": 0.5538461538461539, "beta_amylase_p": 0.0023195876288659794, "beta_amylase_f4": 0.03695652173913044, "beta_galactosidase_r": 0.7558139534883721, "beta_galactosidase_p": 0.021966880702940183, "beta_galactosidase_f4": 0.2549019607843137, "ribosome_r": 0.8110236220472441, "ribosome_p": 0.01076448764174113, "ribosome_f4": 0.15094176975130383, "thyroglobulin_r": 0.8031088082901554, "thyroglobulin_p": 0.13704686118479223, "thyroglobulin_f4": 0.6245555818914436, "virus_like_particle_r": 0.975, "virus_like_particle_p": 0.1342512908777969, "virus_like_particle_f4": 0.7125201504567436, "apo-ferritin": 0.3, "beta-amylase": 0.05, "beta-galactosidase": 0.3, "ribosome": 0.3, "thyroglobulin": 0.3, "virus-like-particle": 0.3, "_timestamp": 1738343430.6969874, "_runtime": 4800.098083496094, "_step": 14, "_wandb": {"runtime": 4799}}