{"01_epoch": 14, "02_train_loss": 0.598657987536268, "03_valid_loss": 0.5831052660942078, "04_valid_best_score": 0.6222275256701628, "apoo_ferritin_r": 0.96875, "apoo_ferritin_p": 0.775, "apoo_ferritin_f4": 0.9547101449275363, "beta_amylase_r": 0.7777777777777778, "beta_amylase_p": 0.022653721682847898, "beta_amylase_f4": 0.2626931567328919, "beta_galactosidase_r": 0.8695652173913043, "beta_galactosidase_p": 0.11904761904761904, "beta_galactosidase_f4": 0.6343283582089553, "ribosome_r": 0.7090909090909091, "ribosome_p": 0.5492957746478874, "ribosome_f4": 0.6971608832807571, "thyroglobulin_r": 0.8666666666666667, "thyroglobulin_p": 0.19117647058823528, "thyroglobulin_f4": 0.7175324675324676, "virus_like_particle_r": 0.0, "virus_like_particle_p": 0.0, "virus_like_particle_f4": 0.0, "apo-ferritin": 0.65, "beta-amylase": 0.05, "beta-galactosidase": 0.4, "ribosome": 0.65, "thyroglobulin": 0.4, "virus-like-particle": 0.05, "_timestamp": 1738107634.6510653, "_runtime": 7348.0927703380585, "_step": 14, "_wandb": {"runtime": 7346}}