{"01_epoch": 14, "02_train_loss": 0.5695469460317066, "03_valid_loss": 0.7620311379432678, "04_valid_best_score": 0.5464791717329991, "apoo_ferritin_r": 0.8728813559322034, "apoo_ferritin_p": 0.40471512770137524, "apoo_ferritin_f4": 0.817269544924154, "beta_amylase_r": 0.7678571428571429, "beta_amylase_p": 0.026396562308164517, "beta_amylase_f4": 0.28950495049504954, "beta_galactosidase_r": 0.8472222222222222, "beta_galactosidase_p": 0.07126168224299065, "beta_galactosidase_f4": 0.516434262948207, "ribosome_r": 0.7513227513227513, "ribosome_p": 0.19832402234636873, "ribosome_f4": 0.6454545454545454, "thyroglobulin_r": 0.9299363057324841, "thyroglobulin_p": 0.11957411957411958, "thyroglobulin_f4": 0.6648807929279401, "virus_like_particle_r": 0.0, "virus_like_particle_p": 0.0, "virus_like_particle_f4": 0.0, "apo-ferritin": 0.3, "beta-amylase": 0.05, "beta-galactosidase": 0.3, "ribosome": 0.3, "thyroglobulin": 0.3, "virus-like-particle": 0.05, "_timestamp": 1738387079.6172519, "_runtime": 4614.107922792435, "_step": 14, "_wandb": {"runtime": 4612}}