{"01_epoch": 24, "02_train_loss": 0.6944012728604403, "03_valid_loss": 0.6088917255401611, "04_valid_best_score": 0.7459338915178687, "apoo_ferritin_r": 0.926829268292683, "apoo_ferritin_p": 0.5205479452054794, "apoo_ferritin_f4": 0.886145404663923, "beta_amylase_r": 0.0, "beta_amylase_p": 0.0, "beta_amylase_f4": 0.0, "beta_galactosidase_r": 0.8181818181818182, "beta_galactosidase_p": 0.1111111111111111, "beta_galactosidase_f4": 0.5953307392996109, "ribosome_r": 0.7391304347826086, "ribosome_p": 0.5483870967741935, "ribosome_f4": 0.7243107769423558, "thyroglobulin_r": 0.8571428571428571, "thyroglobulin_p": 0.1935483870967742, "thyroglobulin_f4": 0.7132867132867132, "virus_like_particle_r": 1.0, "virus_like_particle_p": 0.9047619047619048, "virus_like_particle_f4": 0.9938461538461538, "apo-ferritin": 0.6, "beta-amylase": 0.05, "beta-galactosidase": 0.75, "ribosome": 0.7, "thyroglobulin": 0.45, "virus-like-particle": 0.5, "_timestamp": 1738056913.7596054, "_runtime": 6853.741271495819, "_step": 24}