{"01_epoch": 24, "02_train_loss": 0.7399002676660364, "03_valid_loss": 0.639128565788269, "04_valid_best_score": 0.36907261234700256, "apoo_ferritin_r": 0.7157894736842105, "apoo_ferritin_p": 0.4722222222222222, "apoo_ferritin_f4": 0.6947115384615383, "beta_amylase_r": 0.0, "beta_amylase_p": 0.0, "beta_amylase_f4": 0.0, "beta_galactosidase_r": 0.0, "beta_galactosidase_p": 0.0, "beta_galactosidase_f4": 0.0, "ribosome_r": 0.9347826086956522, "ribosome_p": 0.5119047619047619, "ribosome_f4": 0.8914634146341464, "thyroglobulin_r": 0.0, "thyroglobulin_p": 0.0, "thyroglobulin_f4": 0.0, "virus_like_particle_r": 1.0, "virus_like_particle_p": 0.9565217391304348, "virus_like_particle_f4": 0.9973333333333333, "apo-ferritin": 0.7, "beta-amylase": 0.05, "beta-galactosidase": 0.05, "ribosome": 0.45, "thyroglobulin": 0.05, "virus-like-particle": 0.5, "_timestamp": 1737985880.1048427, "_runtime": 6759.470896720886, "_step": 24, "_wandb": {"runtime": 6758}}