{"01_epoch": 2, "02_train_loss": 0.7410062228639921, "03_valid_loss": 0.8575246930122375, "04_valid_best_score": 0.6537664376854915, "apoo_ferritin_r": 0.6086956521739131, "apoo_ferritin_p": 0.35443037974683544, "apoo_ferritin_f4": 0.5840490797546013, "beta_amylase_r": 0.7, "beta_amylase_p": 0.01580135440180587, "beta_amylase_f4": 0.19734660033167498, "beta_galactosidase_r": 0.8333333333333334, "beta_galactosidase_p": 0.05, "beta_galactosidase_f4": 0.4336734693877552, "ribosome_r": 0.8709677419354839, "ribosome_p": 0.2755102040816326, "ribosome_f4": 0.7727272727272726, "thyroglobulin_r": 0.9666666666666667, "thyroglobulin_p": 0.13875598086124402, "thyroglobulin_f4": 0.7155297532656022, "virus_like_particle_r": 1.0, "virus_like_particle_p": 0.4074074074074074, "virus_like_particle_f4": 0.9211822660098522, "apo-ferritin": 0.25, "beta-amylase": 0.05, "beta-galactosidase": 0.75, "ribosome": 0.65, "thyroglobulin": 0.75, "virus-like-particle": 0.75, "_timestamp": 1738506352.0469098, "_runtime": 967.3269429206848, "_step": 2}