{"01_epoch": 0, "02_train_loss": 0.967540767788887, "03_valid_loss": 0.9666497707366943, "04_valid_best_score": 0.06771336399180182, "apoo_ferritin_r": 0.038461538461538464, "apoo_ferritin_p": 0.0014893264934635116, "apoo_ferritin_f4": 0.01563298252784306, "beta_amylase_r": 0.0, "beta_amylase_p": 0.0, "beta_amylase_f4": 0.0, "beta_galactosidase_r": 0.5, "beta_galactosidase_p": 0.0012424872861766065, "beta_galactosidase_f4": 0.020314584259670965, "ribosome_r": 0.3346456692913386, "ribosome_p": 0.06651017214397496, "ribosome_f4": 0.27049794084612505, "thyroglobulin_r": 0.7668393782383419, "thyroglobulin_p": 0.003397222541030644, "thyroglobulin_f4": 0.05393007952328897, "virus_like_particle_r": 0.425, "virus_like_particle_p": 0.002537313432835821, "virus_like_particle_f4": 0.039373297002724794, "apo-ferritin": 0.1, "beta-amylase": 0.05, "beta-galactosidase": 0.4, "ribosome": 0.7, "thyroglobulin": 0.2, "virus-like-particle": 0.2, "_timestamp": 1738337044.8498347, "_runtime": 388.6991536617279, "_step": 0}