{"01_epoch": 14, "02_train_loss": 0.9477957832686444, "03_valid_loss": 0.9461463689804077, "04_valid_best_score": 0.1534591094654926, "apoo_ferritin_r": 0.40625, "apoo_ferritin_p": 0.001992795278608109, "apoo_ferritin_f4": 0.031412124227133825, "beta_amylase_r": 0.0, "beta_amylase_p": 0.0, "beta_amylase_f4": 0.0, "beta_galactosidase_r": 0.30434782608695654, "beta_galactosidase_p": 0.0015862225243598459, "beta_galactosidase_f4": 0.024890190336749635, "ribosome_r": 0.8727272727272727, "ribosome_p": 0.21052631578947367, "ribosome_f4": 0.7364620938628157, "thyroglobulin_r": 0.9555555555555556, "thyroglobulin_p": 0.004963065558633426, "thyroglobulin_f4": 0.07789855072463768, "virus_like_particle_r": 0.7241379310344828, "virus_like_particle_p": 0.006820396232543034, "virus_like_particle_f4": 0.10076206604572396, "apo-ferritin": 0.15, "beta-amylase": 0.05, "beta-galactosidase": 0.25, "ribosome": 0.75, "thyroglobulin": 0.15, "virus-like-particle": 0.2, "_timestamp": 1738298642.382186, "_runtime": 7807.676736831665, "_step": 14, "_wandb": {"runtime": 7806}}