{"01_epoch": 0, "02_train_loss": 0.8602528058468027, "03_valid_loss": 0.8473288416862488, "04_valid_best_score": 0.25934263772190685, "apoo_ferritin_r": 0.21052631578947367, "apoo_ferritin_p": 0.037383177570093455, "apoo_ferritin_f4": 0.1654501216545012, "beta_amylase_r": 0.16666666666666666, "beta_amylase_p": 0.004158004158004158, "beta_amylase_f4": 0.05052005943536404, "beta_galactosidase_r": 0.5714285714285714, "beta_galactosidase_p": 0.01444043321299639, "beta_galactosidase_f4": 0.17480719794344474, "ribosome_r": 0.8478260869565217, "ribosome_p": 0.10427807486631016, "ribosome_f4": 0.5972972972972972, "thyroglobulin_r": 0.75, "thyroglobulin_p": 0.03008595988538682, "thyroglobulin_f4": 0.31151832460732987, "virus_like_particle_r": 0.18181818181818182, "virus_like_particle_p": 0.008032128514056224, "virus_like_particle_f4": 0.07999999999999999, "apo-ferritin": 0.05, "beta-amylase": 0.05, "beta-galactosidase": 0.05, "ribosome": 0.05, "thyroglobulin": 0.05, "virus-like-particle": 0.05, "_timestamp": 1738072497.3143845, "_runtime": 542.8901705741882, "_step": 0}