{"01_epoch": 0, "02_train_loss": 0.9033207832412287, "03_valid_loss": 0.8437089323997498, "04_valid_best_score": 0.07445906791314118, "apoo_ferritin_r": 0.0, "apoo_ferritin_p": 0.0, "apoo_ferritin_f4": 0.0, "beta_amylase_r": 0.0, "beta_amylase_p": 0.0, "beta_amylase_f4": 0.0, "beta_galactosidase_r": 0.3333333333333333, "beta_galactosidase_p": 0.0011318619128466328, "beta_galactosidase_f4": 0.01825013419216318, "ribosome_r": 0.41935483870967744, "ribosome_p": 0.024528301886792454, "ribosome_f4": 0.21539961013645226, "thyroglobulin_r": 0.6666666666666666, "thyroglobulin_p": 0.00847457627118644, "thyroglobulin_f4": 0.11971830985915494, "virus_like_particle_r": 0.2727272727272727, "virus_like_particle_p": 0.001959503592423253, "virus_like_particle_f4": 0.02987697715289982, "apo-ferritin": 0.05, "beta-amylase": 0.05, "beta-galactosidase": 0.05, "ribosome": 0.75, "thyroglobulin": 0.05, "virus-like-particle": 0.05, "_timestamp": 1737931046.8187194, "_runtime": 339.6251974105835, "_step": 0}