{"01_epoch": 0, "02_train_loss": 2.433075709776445, "03_valid_loss": 2.2294481992721558, "04_valid_best_score": 0.01668848167539267, "05_valid_best_constant": 0.7785714285714286, "apoo_ferritin_r": 0.0, "apoo_ferritin_p": 0.0, "apoo_ferritin_f4": 0.0, "beta_amylase_r": 0.0, "beta_amylase_p": 0.0, "beta_amylase_f4": 0.0, "beta_galactosidase_r": 0.0, "beta_galactosidase_p": 0.0, "beta_galactosidase_f4": 0.0, "ribosome_r": 0.0, "ribosome_p": 0.0, "ribosome_f4": 0.0, "thyroglobulin_r": 0.5316455696202531, "thyroglobulin_p": 0.003832116788321168, "thyroglobulin_f4": 0.05840968586387435, "virus_like_particle_r": 0.0, "virus_like_particle_p": 0.0, "virus_like_particle_f4": 0.0, "_timestamp": 1737739190.5489922, "_runtime": 89.46199011802673, "_step": 0}