{"01_epoch": 149, "02_train_loss": 0.008754623814482849, "03_valid_loss": 0.029521722346544266, "04_valid_best_score": 0.5731039581382512, "05_valid_best_constant": 0.17142857142857143, "apoo_ferritin_r": 0.4782608695652174, "apoo_ferritin_p": 0.46808510638297873, "apoo_ferritin_f4": 0.4776500638569604, "beta_amylase_r": 0.2, "beta_amylase_p": 0.04, "beta_amylase_f4": 0.1619047619047619, "beta_galactosidase_r": 0.5833333333333334, "beta_galactosidase_p": 0.23333333333333334, "beta_galactosidase_f4": 0.5360360360360361, "ribosome_r": 0.8709677419354839, "ribosome_p": 0.38571428571428573, "ribosome_f4": 0.8109540636042403, "thyroglobulin_r": 0.3333333333333333, "thyroglobulin_p": 0.2631578947368421, "thyroglobulin_f4": 0.3281853281853282, "virus_like_particle_r": 1.0, "virus_like_particle_p": 0.9166666666666666, "virus_like_particle_f4": 0.9946808510638298, "_timestamp": 1737875760.303119, "_runtime": 45307.65940093994, "_step": 149}