{"01_epoch": 6, "02_train_loss": 0.5853487155267171, "03_valid_loss": 0.7299985885620117, "04_valid_best_score": 0.7130883713101793, "05_valid_best_constant": 0.6571428571428571, "apoo_ferritin_r": 0.782608695652174, "apoo_ferritin_p": 0.6545454545454545, "apoo_ferritin_f4": 0.7737041719342604, "beta_amylase_r": 0.7, "beta_amylase_p": 0.01876675603217158, "beta_amylase_f4": 0.22326454033771106, "beta_galactosidase_r": 0.8333333333333334, "beta_galactosidase_p": 0.06622516556291391, "beta_galactosidase_f4": 0.49562682215743437, "ribosome_r": 0.8387096774193549, "ribosome_p": 0.4727272727272727, "ribosome_f4": 0.8021778584392015, "thyroglobulin_r": 0.8666666666666667, "thyroglobulin_p": 0.19117647058823528, "thyroglobulin_f4": 0.7175324675324676, "virus_like_particle_r": 1.0, "virus_like_particle_p": 0.8461538461538461, "virus_like_particle_f4": 0.9894179894179894, "_timestamp": 1737884480.1610055, "_runtime": 1604.3742725849152, "_step": 6}