{"01_epoch": 14, "02_train_loss": 0.5377196090177019, "03_valid_loss": 0.5612326264381409, "04_valid_best_score": 0.37426634314738644, "apoo_ferritin_r": 0.9142857142857143, "apoo_ferritin_p": 0.2119205298013245, "apoo_ferritin_f4": 0.7651195499296766, "beta_amylase_r": 0.5833333333333334, "beta_amylase_p": 0.005573248407643312, "beta_amylase_f4": 0.08218232044198895, "beta_galactosidase_r": 0.625, "beta_galactosidase_p": 0.0015678896205707118, "beta_galactosidase_f4": 0.025625565269822133, "ribosome_r": 0.9459459459459459, "ribosome_p": 0.1643192488262911, "ribosome_f4": 0.7391304347826086, "thyroglobulin_r": 0.5294117647058824, "thyroglobulin_p": 0.014492753623188406, "thyroglobulin_f4": 0.1713325867861142, "virus_like_particle_r": 1.0, "virus_like_particle_p": 0.1323529411764706, "virus_like_particle_f4": 0.7216981132075472, "apo-ferritin": 0.75, "beta-amylase": 0.05, "beta-galactosidase": 0.75, "ribosome": 0.75, "thyroglobulin": 0.75, "virus-like-particle": 0.75, "_timestamp": 1738458190.7958114, "_runtime": 8939.318491458893, "_step": 14, "_wandb": {"runtime": 8937}}