{"01_epoch": 16, "02_train_loss": 0.7069235043092208, "03_valid_loss": 0.8577407002449036, "04_valid_best_score": 0.5603796397753557, "apoo_ferritin_r": 0.9024390243902439, "apoo_ferritin_p": 0.6271186440677966, "apoo_ferritin_f4": 0.8797202797202797, "beta_amylase_r": 0.0, "beta_amylase_p": 0.0, "beta_amylase_f4": 0.0, "beta_galactosidase_r": 0.36363636363636365, "beta_galactosidase_p": 0.005797101449275362, "beta_galactosidase_f4": 0.07852193995381063, "ribosome_r": 0.6521739130434783, "ribosome_p": 0.46875, "ribosome_f4": 0.6375000000000001, "thyroglobulin_r": 0.8, "thyroglobulin_p": 0.14213197969543148, "thyroglobulin_f4": 0.6287978863936592, "virus_like_particle_r": 1.0, "virus_like_particle_p": 0.8636363636363636, "virus_like_particle_f4": 0.9907975460122699, "apo-ferritin": 0.6, "beta-amylase": 0.05, "beta-galactosidase": 0.05, "ribosome": 0.55, "thyroglobulin": 0.35, "virus-like-particle": 0.5, "_timestamp": 1738017867.0027733, "_runtime": 4756.084763288498, "_step": 16}