{"01_epoch": 24, "02_train_loss": 0.764663366837935, "03_valid_loss": 0.7225271463394165, "04_valid_best_score": 0.5246666586002589, "apoo_ferritin_r": 0.4444444444444444, "apoo_ferritin_p": 0.25396825396825395, "apoo_ferritin_f4": 0.42566510172143973, "beta_amylase_r": 0.0, "beta_amylase_p": 0.0, "beta_amylase_f4": 0.0, "beta_galactosidase_r": 0.041666666666666664, "beta_galactosidase_p": 0.0136986301369863, "beta_galactosidase_f4": 0.037199124726477024, "ribosome_r": 0.9230769230769231, "ribosome_p": 0.5607476635514018, "ribosome_f4": 0.8892763731473408, "thyroglobulin_r": 0.9183673469387755, "thyroglobulin_p": 0.18, "thyroglobulin_f4": 0.739845261121857, "virus_like_particle_r": 1.0, "virus_like_particle_p": 0.19402985074626866, "virus_like_particle_f4": 0.8036363636363636, "apo-ferritin": 0.2, "beta-amylase": 0.05, "beta-galactosidase": 0.05, "ribosome": 0.55, "thyroglobulin": 0.45, "virus-like-particle": 0.25, "_timestamp": 1737992758.2198508, "_runtime": 6814.992013692856, "_step": 24, "_wandb": {"runtime": 6813}}