{"01_epoch": 14, "02_train_loss": 0.5466907312793117, "03_valid_loss": 0.7316647171974182, "04_valid_best_score": 0.5038999195474457, "apoo_ferritin_r": 0.7118055555555556, "apoo_ferritin_p": 0.2907801418439716, "apoo_ferritin_f4": 0.6559382646339169, "beta_amylase_r": 0.7936507936507936, "beta_amylase_p": 0.06165228113440197, "beta_amylase_f4": 0.46728971962616817, "beta_galactosidase_r": 0.7865168539325843, "beta_galactosidase_p": 0.06329113924050633, "beta_galactosidase_f4": 0.4703557312252964, "ribosome_r": 0.779783393501805, "ribosome_p": 0.20869565217391303, "ribosome_f4": 0.6716663618072068, "thyroglobulin_r": 0.9086021505376344, "thyroglobulin_p": 0.10642317380352645, "thyroglobulin_f4": 0.6294916739702016, "virus_like_particle_r": 0.0, "virus_like_particle_p": 0.0, "virus_like_particle_f4": 0.0, "apo-ferritin": 0.3, "beta-amylase": 0.05, "beta-galactosidase": 0.05, "ribosome": 0.3, "thyroglobulin": 0.3, "virus-like-particle": 0.05, "_timestamp": 1738366556.5030704, "_runtime": 4661.33024930954, "_step": 14}