{"01_epoch": 24, "02_train_loss": 0.730046333508058, "03_valid_loss": 0.5781415700912476, "04_valid_best_score": 0.3605490493865145, "apoo_ferritin_r": 0.875, "apoo_ferritin_p": 0.6363636363636364, "apoo_ferritin_f4": 0.8561151079136692, "beta_amylase_r": 0.0, "beta_amylase_p": 0.0, "beta_amylase_f4": 0.0, "beta_galactosidase_r": 0.0, "beta_galactosidase_p": 0.0, "beta_galactosidase_f4": 0.0, "ribosome_r": 0.6727272727272727, "ribosome_p": 0.5967741935483871, "ribosome_f4": 0.6677282377919322, "thyroglobulin_r": 0.0, "thyroglobulin_p": 0.0, "thyroglobulin_f4": 0.0, "virus_like_particle_r": 1.0, "virus_like_particle_p": 1.0, "virus_like_particle_f4": 1.0, "apo-ferritin": 0.45, "beta-amylase": 0.05, "beta-galactosidase": 0.05, "ribosome": 0.55, "thyroglobulin": 0.05, "virus-like-particle": 0.5, "_timestamp": 1738013104.7779474, "_runtime": 6927.739588499069, "_step": 24, "_wandb": {"runtime": 6926}}