{"01_epoch": 14, "02_train_loss": 0.48465094931664005, "03_valid_loss": 0.6862673044204712, "04_valid_best_score": 0.5412116056139615, "apoo_ferritin_r": 0.7306273062730627, "apoo_ferritin_p": 0.1467753891771683, "apoo_ferritin_f4": 0.5920844327176781, "beta_amylase_r": 0.7941176470588235, "beta_amylase_p": 0.010763404424955152, "beta_amylase_f4": 0.15036855036855037, "beta_galactosidase_r": 0.8409090909090909, "beta_galactosidase_p": 0.029611844737895156, "beta_galactosidase_f4": 0.3219861786536985, "ribosome_r": 0.7787610619469026, "ribosome_p": 0.03821102909248806, "ribosome_f4": 0.3639017270737047, "thyroglobulin_r": 0.8743455497382199, "thyroglobulin_p": 0.13446054750402575, "thyroglobulin_f4": 0.6605397859469521, "virus_like_particle_r": 1.0, "virus_like_particle_p": 0.27794561933534745, "virus_like_particle_f4": 0.8674431503050472, "apo-ferritin": 0.3, "beta-amylase": 0.05, "beta-galactosidase": 0.2, "ribosome": 0.3, "thyroglobulin": 0.3, "virus-like-particle": 0.3, "_timestamp": 1738352700.778029, "_runtime": 4587.712897062302, "_step": 14, "_wandb": {"runtime": 4586}}