{"01_epoch": 12, "02_train_loss": 0.6142180818457936, "03_valid_loss": 0.6942002773284912, "04_valid_best_score": 0.6411700103302512, "apoo_ferritin_r": 0.8210526315789474, "apoo_ferritin_p": 0.4727272727272727, "apoo_ferritin_f4": 0.7869436201780415, "beta_amylase_r": 0.9166666666666666, "beta_amylase_p": 0.06918238993710692, "beta_amylase_f4": 0.5327635327635327, "beta_galactosidase_r": 0.8571428571428571, "beta_galactosidase_p": 0.19672131147540983, "beta_galactosidase_f4": 0.7157894736842106, "ribosome_r": 0.9565217391304348, "ribosome_p": 0.4074074074074074, "ribosome_f4": 0.8862559241706162, "thyroglobulin_r": 0.9285714285714286, "thyroglobulin_p": 0.13612565445026178, "thyroglobulin_f4": 0.6917057902973397, "virus_like_particle_r": 0.0, "virus_like_particle_p": 0.0, "virus_like_particle_f4": 0.0, "apo-ferritin": 0.75, "beta-amylase": 0.05, "beta-galactosidase": 0.65, "ribosome": 0.75, "thyroglobulin": 0.4, "virus-like-particle": 0.05, "_timestamp": 1738071405.1644757, "_runtime": 4404.599261760712, "_step": 12}