{"01_epoch": 1, "02_train_loss": 1.6453242085196755, "03_valid_loss": 1.569501519203186, "04_valid_best_score": 0.03891783428345902, "05_valid_best_constant": 0.17142857142857143, "apoo_ferritin_r": 0.0, "apoo_ferritin_p": 0.0, "apoo_ferritin_f4": 0.0, "beta_amylase_r": 0.0, "beta_amylase_p": 0.0, "beta_amylase_f4": 0.0, "beta_galactosidase_r": 0.16666666666666666, "beta_galactosidase_p": 0.0019083969465648854, "beta_galactosidase_f4": 0.027419354838709678, "ribosome_r": 0.7419354838709677, "ribosome_p": 0.016800584368151936, "ribosome_f4": 0.20965147453083113, "thyroglobulin_r": 0.03333333333333333, "thyroglobulin_p": 0.00026281208935611036, "thyroglobulin_f4": 0.0039673278879813305, "virus_like_particle_r": 0.0, "virus_like_particle_p": 0.0, "virus_like_particle_f4": 0.0, "_timestamp": 1737820251.1310835, "_runtime": 139.96205258369446, "_step": 1}