{"01_epoch": 9, "02_train_loss": 0.5811101683548519, "03_valid_loss": 0.7468158602714539, "04_valid_best_score": 0.703603021200923, "05_valid_best_constant": 0.7178571428571429, "apoo_ferritin_r": 0.6086956521739131, "apoo_ferritin_p": 0.56, "apoo_ferritin_f4": 0.6055979643765904, "beta_amylase_r": 0.3, "beta_amylase_p": 0.030612244897959183, "beta_amylase_f4": 0.1976744186046512, "beta_galactosidase_r": 0.8333333333333334, "beta_galactosidase_p": 0.11764705882352941, "beta_galactosidase_f4": 0.6137184115523465, "ribosome_r": 0.8709677419354839, "ribosome_p": 0.35064935064935066, "ribosome_f4": 0.8010471204188482, "thyroglobulin_r": 0.8, "thyroglobulin_p": 0.15789473684210525, "thyroglobulin_f4": 0.6455696202531647, "virus_like_particle_r": 1.0, "virus_like_particle_p": 1.0, "virus_like_particle_f4": 1.0, "_timestamp": 1737885103.480258, "_runtime": 2227.6935250759125, "_step": 9}