{"01_epoch": 14, "02_train_loss": 0.4905414206366385, "03_valid_loss": 0.7356504201889038, "04_valid_best_score": 0.5086677364662517, "apoo_ferritin_r": 0.7619047619047619, "apoo_ferritin_p": 0.01036653091447612, "apoo_ferritin_f4": 0.1447248403770143, "beta_amylase_r": 0.8461538461538461, "beta_amylase_p": 0.012222222222222223, "beta_amylase_f4": 0.16877256317689532, "beta_galactosidase_r": 0.8095238095238095, "beta_galactosidase_p": 0.038526912181303115, "beta_galactosidase_f4": 0.37182373753618525, "ribosome_r": 0.7414448669201521, "ribosome_p": 0.16695205479452055, "ribosome_f4": 0.6166294642857143, "thyroglobulin_r": 0.93048128342246, "thyroglobulin_p": 0.09240573552841211, "thyroglobulin_f4": 0.6067692307692307, "virus_like_particle_r": 0.978494623655914, "virus_like_particle_p": 0.2607449856733524, "virus_like_particle_f4": 0.8421339139902015, "apo-ferritin": 0.3, "beta-amylase": 0.05, "beta-galactosidase": 0.3, "ribosome": 0.3, "thyroglobulin": 0.3, "virus-like-particle": 0.3, "_timestamp": 1738357288.4564784, "_runtime": 4582.499889373779, "_step": 14, "_wandb": {"runtime": 4581}}