{"01_epoch": 12, "02_train_loss": 0.5744807784463845, "03_valid_loss": 0.5525907278060913, "04_valid_best_score": 0.7212221368603304, "apoo_ferritin_r": 0.8260869565217391, "apoo_ferritin_p": 0.59375, "apoo_ferritin_f4": 0.8075000000000001, "beta_amylase_r": 0.7, "beta_amylase_p": 0.017721518987341773, "beta_amylase_f4": 0.21441441441441442, "beta_galactosidase_r": 0.8333333333333334, "beta_galactosidase_p": 0.09174311926605505, "beta_galactosidase_f4": 0.5647840531561461, "ribosome_r": 0.9354838709677419, "ribosome_p": 0.30851063829787234, "ribosome_f4": 0.835593220338983, "thyroglobulin_r": 0.9333333333333333, "thyroglobulin_p": 0.1407035175879397, "thyroglobulin_f4": 0.7010309278350516, "virus_like_particle_r": 1.0, "virus_like_particle_p": 0.2894736842105263, "virus_like_particle_f4": 0.8738317757009346, "apo-ferritin": 0.5, "beta-amylase": 0.05, "beta-galactosidase": 0.75, "ribosome": 0.6, "thyroglobulin": 0.75, "virus-like-particle": 0.75, "_timestamp": 1738242875.3802416, "_runtime": 6171.177951574326, "_step": 12}