{"01_epoch": 24, "02_train_loss": 0.6870533813129772, "03_valid_loss": 0.8573377132415771, "04_valid_best_score": 0.7957780377181871, "apo-ferritin": 0.7, "beta-amylase": 0.05, "beta-galactosidase": 0.35, "ribosome": 0.55, "thyroglobulin": 0.3, "virus-like-particle": 0.6, "_timestamp": 1738024707.3166947, "_runtime": 6517.826155662537, "_step": 24, "apoo_ferritin_r": 0.7368421052631579, "apoo_ferritin_p": 0.49295774647887325, "apoo_ferritin_f4": 0.7160048134777377, "beta_amylase_r": 0.0, "beta_amylase_p": 0.0, "beta_amylase_f4": 0.0, "beta_galactosidase_r": 0.9285714285714286, "beta_galactosidase_p": 0.1566265060240964, "beta_galactosidase_f4": 0.719869706840391, "ribosome_r": 0.9565217391304348, "ribosome_p": 0.6197183098591549, "ribosome_f4": 0.9268897149938041, "thyroglobulin_r": 0.9285714285714286, "thyroglobulin_p": 0.18181818181818182, "thyroglobulin_f4": 0.7478849407783418, "virus_like_particle_r": 1.0, "virus_like_particle_p": 0.88, "virus_like_particle_f4": 0.9920424403183025, "_wandb": {"runtime": 6517}}