{"01_epoch": 8, "02_train_loss": 0.015804791501224307, "03_valid_loss": 0.02011607587337494, "04_valid_best_score": 0.6362300176806103, "05_valid_best_constant": 0.11071428571428571, "apoo_ferritin_r": 0.43478260869565216, "apoo_ferritin_p": 0.37037037037037035, "apoo_ferritin_f4": 0.430379746835443, "beta_amylase_r": 0.3, "beta_amylase_p": 0.08571428571428572, "beta_amylase_f4": 0.2615384615384615, "beta_galactosidase_r": 0.6666666666666666, "beta_galactosidase_p": 0.08080808080808081, "beta_galactosidase_f4": 0.46735395189003437, "ribosome_r": 0.8064516129032258, "ribosome_p": 0.33783783783783783, "ribosome_f4": 0.7456140350877193, "thyroglobulin_r": 0.7333333333333333, "thyroglobulin_p": 0.2857142857142857, "thyroglobulin_f4": 0.6714542190305205, "virus_like_particle_r": 1.0, "virus_like_particle_p": 1.0, "virus_like_particle_f4": 1.0, "_timestamp": 1737789707.5226078, "_runtime": 3875.1662118434906, "_step": 8}