{"01_epoch": 9, "02_train_loss": 0.6764413937926292, "03_valid_loss": 0.8574644923210144, "04_valid_best_score": 0.6680926151845022, "apoo_ferritin_r": 0.782608695652174, "apoo_ferritin_p": 0.4675324675324675, "apoo_ferritin_f4": 0.7527675276752767, "beta_amylase_r": 0.7, "beta_amylase_p": 0.011326860841423949, "beta_amylase_f4": 0.15295629820051415, "beta_galactosidase_r": 0.75, "beta_galactosidase_p": 0.055900621118012424, "beta_galactosidase_f4": 0.4334277620396601, "ribosome_r": 0.9032258064516129, "ribosome_p": 0.19047619047619047, "ribosome_f4": 0.740279937791602, "thyroglobulin_r": 0.8666666666666667, "thyroglobulin_p": 0.13978494623655913, "thyroglobulin_f4": 0.6636636636636637, "virus_like_particle_r": 1.0, "virus_like_particle_p": 0.8461538461538461, "virus_like_particle_f4": 0.9894179894179894, "apo-ferritin": 0.75, "beta-amylase": 0.05, "beta-galactosidase": 0.75, "ribosome": 0.75, "thyroglobulin": 0.7, "virus-like-particle": 0.75, "_timestamp": 1738504003.2218893, "_runtime": 2672.0835933685303, "_step": 9}