{"01_epoch": 3, "02_train_loss": 0.6868951916694641, "03_valid_loss": 0.8158130645751953, "04_valid_best_score": 0.6605791775911879, "apoo_ferritin_r": 0.5652173913043478, "apoo_ferritin_p": 0.35135135135135137, "apoo_ferritin_f4": 0.545679012345679, "beta_amylase_r": 0.7, "beta_amylase_p": 0.01715686274509804, "beta_amylase_f4": 0.20950704225352113, "beta_galactosidase_r": 0.8333333333333334, "beta_galactosidase_p": 0.057803468208092484, "beta_galactosidase_f4": 0.4657534246575342, "ribosome_r": 0.8709677419354839, "ribosome_p": 0.27835051546391754, "ribosome_f4": 0.7740303541315345, "thyroglobulin_r": 0.9666666666666667, "thyroglobulin_p": 0.13942307692307693, "thyroglobulin_f4": 0.7165697674418605, "virus_like_particle_r": 1.0, "virus_like_particle_p": 0.4782608695652174, "virus_like_particle_f4": 0.9396984924623115, "apo-ferritin": 0.4, "beta-amylase": 0.05, "beta-galactosidase": 0.7, "ribosome": 0.75, "thyroglobulin": 0.75, "virus-like-particle": 0.7, "_timestamp": 1738507554.6985488, "_runtime": 1147.5101668834686, "_step": 3}