{"01_epoch": 14, "02_train_loss": 0.5349688919142206, "03_valid_loss": 0.6842671632766724, "04_valid_best_score": 0.47203549492162, "apoo_ferritin_r": 0.9444444444444444, "apoo_ferritin_p": 0.5964912280701754, "apoo_ferritin_f4": 0.9131121642969984, "beta_amylase_r": 0.38095238095238093, "beta_amylase_p": 0.010582010582010581, "beta_amylase_f4": 0.12454212454212453, "beta_galactosidase_r": 0.375, "beta_galactosidase_p": 0.021897810218978103, "beta_galactosidase_f4": 0.1924528301886792, "ribosome_r": 0.9230769230769231, "ribosome_p": 0.23166023166023167, "ribosome_f4": 0.7852193995381064, "thyroglobulin_r": 0.7551020408163265, "thyroglobulin_p": 0.008604651162790697, "thyroglobulin_f4": 0.12372147915027537, "virus_like_particle_r": 1.0, "virus_like_particle_p": 0.6842105263157895, "virus_like_particle_f4": 0.973568281938326, "apo-ferritin": 0.6, "beta-amylase": 0.05, "beta-galactosidase": 0.75, "ribosome": 0.75, "thyroglobulin": 0.75, "virus-like-particle": 0.7, "_timestamp": 1738440487.3110497, "_runtime": 8685.52925658226, "_step": 14, "_wandb": {"runtime": 8683}}