{"01_epoch": 14, "02_train_loss": 0.5539072761510281, "03_valid_loss": 0.6346966028213501, "04_valid_best_score": 0.7326668832330672, "apoo_ferritin_r": 0.975609756097561, "apoo_ferritin_p": 0.5882352941176471, "apoo_ferritin_f4": 0.9392265193370166, "beta_amylase_r": 0.7857142857142857, "beta_amylase_p": 0.034482758620689655, "beta_amylase_f4": 0.34438305709023936, "beta_galactosidase_r": 0.8181818181818182, "beta_galactosidase_p": 0.0661764705882353, "beta_galactosidase_f4": 0.4903846153846154, "ribosome_r": 0.8695652173913043, "ribosome_p": 0.3389830508474576, "ribosome_f4": 0.7962529274004683, "thyroglobulin_r": 0.8857142857142857, "thyroglobulin_p": 0.16939890710382513, "thyroglobulin_f4": 0.7092866756393001, "virus_like_particle_r": 1.0, "virus_like_particle_p": 0.9047619047619048, "virus_like_particle_f4": 0.9938461538461538, "apo-ferritin": 0.75, "beta-amylase": 0.05, "beta-galactosidase": 0.7, "ribosome": 0.5, "thyroglobulin": 0.7, "virus-like-particle": 0.6, "_timestamp": 1738115206.7535322, "_runtime": 7566.782284259796, "_step": 14}