{"01_epoch": 14, "02_train_loss": 0.9482167553394398, "03_valid_loss": 0.9571481347084045, "04_valid_best_score": 0.20056942926212942, "apoo_ferritin_r": 0.1896551724137931, "apoo_ferritin_p": 0.0021446675765256387, "apoo_ferritin_f4": 0.03087336965494469, "beta_amylase_r": 0.0, "beta_amylase_p": 0.0, "beta_amylase_f4": 0.0, "beta_galactosidase_r": 0.6666666666666666, "beta_galactosidase_p": 0.0012857602057216328, "beta_galactosidase_f4": 0.021203617087620825, "ribosome_r": 0.9324324324324325, "ribosome_p": 0.25555555555555554, "ribosome_f4": 0.8067400275103164, "thyroglobulin_r": 0.6666666666666666, "thyroglobulin_p": 0.006631299734748011, "thyroglobulin_f4": 0.09725400457665904, "virus_like_particle_r": 0.5, "virus_like_particle_p": 0.05102040816326531, "virus_like_particle_f4": 0.32945736434108525, "apo-ferritin": 0.25, "beta-amylase": 0.05, "beta-galactosidase": 0.1, "ribosome": 0.65, "thyroglobulin": 0.25, "virus-like-particle": 0.7, "_timestamp": 1738281489.721744, "_runtime": 7952.516430139542, "_step": 14, "_wandb": {"runtime": 7951}}