{"01_epoch": 14, "02_train_loss": 0.4935545950166641, "03_valid_loss": 0.6799679756164551, "04_valid_best_score": 0.6373803990889922, "apoo_ferritin_r": 0.8226415094339623, "apoo_ferritin_p": 0.5278450363196125, "apoo_ferritin_f4": 0.7964753922200731, "beta_amylase_r": 0.6911764705882353, "beta_amylase_p": 0.06591865357643759, "beta_amylase_f4": 0.4436424208772904, "beta_galactosidase_r": 0.7922077922077922, "beta_galactosidase_p": 0.08677098150782361, "beta_galactosidase_f4": 0.5359173126614988, "ribosome_r": 0.7591836734693878, "ribosome_p": 0.18253189401373895, "ribosome_f4": 0.6402105689410812, "thyroglobulin_r": 0.9034090909090909, "thyroglobulin_p": 0.13316582914572864, "thyroglobulin_f4": 0.6740648379052369, "virus_like_particle_r": 0.9726027397260274, "virus_like_particle_p": 0.08585247883917775, "virus_like_particle_f4": 0.6050125313283208, "apo-ferritin": 0.3, "beta-amylase": 0.05, "beta-galactosidase": 0.3, "ribosome": 0.3, "thyroglobulin": 0.3, "virus-like-particle": 0.3, "_timestamp": 1738361888.7152693, "_runtime": 4595.157570362091, "_step": 14, "_wandb": {"runtime": 4593}}