{"01_epoch": 8, "02_train_loss": 0.5978350526520184, "03_valid_loss": 0.6939903199672699, "04_valid_best_score": 0.5572344134239325, "apoo_ferritin_r": 0.8839285714285714, "apoo_ferritin_p": 0.5945945945945946, "apoo_ferritin_f4": 0.8593311207556803, "beta_amylase_r": 0.7777777777777778, "beta_amylase_p": 0.02091633466135458, "beta_amylase_f4": 0.24860724233983283, "beta_galactosidase_r": 0.7878787878787878, "beta_galactosidase_p": 0.05889014722536806, "beta_galactosidase_f4": 0.4559051057246003, "ribosome_r": 0.8828828828828829, "ribosome_p": 0.28654970760233917, "ribosome_f4": 0.7865911237016053, "thyroglobulin_r": 0.9361702127659575, "thyroglobulin_p": 0.12154696132596685, "thyroglobulin_f4": 0.6714542190305206, "virus_like_particle_r": 0.0, "virus_like_particle_p": 0.0, "virus_like_particle_f4": 0.0, "apo-ferritin": 0.3, "beta-amylase": 0.05, "beta-galactosidase": 0.3, "ribosome": 0.3, "thyroglobulin": 0.3, "virus-like-particle": 0.05, "_timestamp": 1738390499.7280881, "_runtime": 3414.070113182068, "_step": 8}