{"01_epoch": 14, "02_train_loss": 0.5197018717039139, "03_valid_loss": 0.748614490032196, "04_valid_best_score": 0.43683890859660596, "apoo_ferritin_r": 0.7413793103448276, "apoo_ferritin_p": 0.43434343434343436, "apoo_ferritin_f4": 0.7117818889970788, "beta_amylase_r": 0.5555555555555556, "beta_amylase_p": 0.008561643835616438, "beta_amylase_f4": 0.11675824175824176, "beta_galactosidase_r": 0.9166666666666666, "beta_galactosidase_p": 0.028132992327365727, "beta_galactosidase_f4": 0.320754716981132, "ribosome_r": 0.8378378378378378, "ribosome_p": 0.33513513513513515, "ribosome_f4": 0.7699050401753104, "thyroglobulin_r": 0.8666666666666667, "thyroglobulin_p": 0.04297520661157025, "thyroglobulin_f4": 0.4073732718894009, "virus_like_particle_r": 0.8, "virus_like_particle_p": 0.008213552361396304, "virus_like_particle_f4": 0.11992945326278662, "apo-ferritin": 0.5, "beta-amylase": 0.05, "beta-galactosidase": 0.5, "ribosome": 0.6, "thyroglobulin": 0.75, "virus-like-particle": 0.1, "_timestamp": 1738449245.5582435, "_runtime": 8752.162727594376, "_step": 14, "_wandb": {"runtime": 8750}}