{"01_epoch": 52, "02_train_loss": 0.02080746251474272, "03_valid_loss": 0.015337549615651369, "04_valid_best_score": 0.3916368547859336, "05_valid_best_constant": 0.05, "apoo_ferritin_r": 0.24242424242424243, "apoo_ferritin_p": 0.06837606837606838, "apoo_ferritin_f4": 0.21085271317829457, "beta_amylase_r": 0.23809523809523808, "beta_amylase_p": 0.02, "beta_amylase_f4": 0.14505119453924917, "beta_galactosidase_r": 0.4358974358974359, "beta_galactosidase_p": 0.07112970711297072, "beta_galactosidase_f4": 0.3348783314020857, "ribosome_r": 0.25, "ribosome_p": 0.1796875, "ribosome_f4": 0.244375, "thyroglobulin_r": 0.4936708860759494, "thyroglobulin_p": 0.1471698113207547, "thyroglobulin_f4": 0.433616742969261, "virus_like_particle_r": 0.7631578947368421, "virus_like_particle_p": 0.58, "virus_like_particle_f4": 0.7492401215805471, "_timestamp": 1737759836.5257113, "_runtime": 16779.848511219025, "_step": 52}