{"01_epoch": 5, "02_train_loss": 1.4245934874722452, "03_valid_loss": 1.3940807580947876, "04_valid_best_score": 0.01679509978265165, "05_valid_best_constant": 0.23214285714285715, "apoo_ferritin_r": 0.0, "apoo_ferritin_p": 0.0, "apoo_ferritin_f4": 0.0, "beta_amylase_r": 0.0, "beta_amylase_p": 0.0, "beta_amylase_f4": 0.0, "beta_galactosidase_r": 0.0, "beta_galactosidase_p": 0.0, "beta_galactosidase_f4": 0.0, "ribosome_r": 0.16129032258064516, "ribosome_p": 0.022026431718061675, "ribosome_f4": 0.11756569847856155, "thyroglobulin_r": 0.0, "thyroglobulin_p": 0.0, "thyroglobulin_f4": 0.0, "virus_like_particle_r": 0.0, "virus_like_particle_p": 0.0, "virus_like_particle_f4": 0.0, "_timestamp": 1737795445.6507194, "_runtime": 1012.7547564506531, "_step": 5}