{"01_epoch": 0, "02_train_loss": 0.7013682760298252, "03_valid_loss": 0.857549786567688, "04_valid_best_score": 0.6347764120152071, "apoo_ferritin_r": 0.5652173913043478, "apoo_ferritin_p": 0.35135135135135137, "apoo_ferritin_f4": 0.545679012345679, "beta_amylase_r": 0.7, "beta_amylase_p": 0.014084507042253521, "beta_amylase_f4": 0.1811263318112633, "beta_galactosidase_r": 0.8333333333333334, "beta_galactosidase_p": 0.04854368932038835, "beta_galactosidase_f4": 0.42713567839195976, "ribosome_r": 0.8709677419354839, "ribosome_p": 0.25471698113207547, "ribosome_f4": 0.7624584717607973, "thyroglobulin_r": 0.9666666666666667, "thyroglobulin_p": 0.12184873949579832, "thyroglobulin_f4": 0.6866295264623956, "virus_like_particle_r": 1.0, "virus_like_particle_p": 0.36666666666666664, "virus_like_particle_f4": 0.9077669902912621, "apo-ferritin": 0.2, "beta-amylase": 0.05, "beta-galactosidase": 0.65, "ribosome": 0.75, "thyroglobulin": 0.75, "virus-like-particle": 0.65, "_timestamp": 1738507926.275268, "_runtime": 303.1284430027008, "_step": 0}