{"01_epoch": 14, "02_train_loss": 0.6014702849565668, "03_valid_loss": 0.4921272397041321, "04_valid_best_score": 0.6248974717237754, "apoo_ferritin_r": 0.8333333333333334, "apoo_ferritin_p": 0.6, "apoo_ferritin_f4": 0.8146964856230032, "beta_amylase_r": 0.8571428571428571, "beta_amylase_p": 0.061855670103092786, "beta_amylase_f4": 0.4880382775119617, "beta_galactosidase_r": 0.7916666666666666, "beta_galactosidase_p": 0.0979381443298969, "beta_galactosidase_f4": 0.5588235294117647, "ribosome_r": 0.9076923076923077, "ribosome_p": 0.4097222222222222, "ribosome_f4": 0.8471283783783784, "thyroglobulin_r": 0.9591836734693877, "thyroglobulin_p": 0.21559633027522937, "thyroglobulin_f4": 0.7974051896207585, "virus_like_particle_r": 0.0, "virus_like_particle_p": 0.0, "virus_like_particle_f4": 0.0, "apo-ferritin": 0.55, "beta-amylase": 0.05, "beta-galactosidase": 0.45, "ribosome": 0.6, "thyroglobulin": 0.75, "virus-like-particle": 0.05, "_timestamp": 1738170866.8471365, "_runtime": 6986.284593582153, "_step": 14, "_wandb": {"runtime": 6984}}