{"01_epoch": 1, "02_train_loss": 0.07241898516640645, "03_valid_loss": 0.03784069884568453, "04_valid_best_score": 0.16160312222631784, "05_valid_best_constant": 0.05, "apoo_ferritin_r": 0.20202020202020202, "apoo_ferritin_p": 0.03460207612456748, "apoo_ferritin_f4": 0.15726179463459758, "beta_amylase_r": 0.0, "beta_amylase_p": 0.0, "beta_amylase_f4": 0.0, "beta_galactosidase_r": 0.1282051282051282, "beta_galactosidase_p": 0.005, "beta_galactosidase_f4": 0.05233990147783251, "ribosome_r": 0.2608695652173913, "ribosome_p": 0.056338028169014086, "ribosome_f4": 0.21496311907270813, "thyroglobulin_r": 0.24050632911392406, "thyroglobulin_p": 0.01157830591102986, "thyroglobulin_f4": 0.11118760757314974, "virus_like_particle_r": 0.7368421052631579, "virus_like_particle_p": 0.05668016194331984, "virus_like_particle_f4": 0.4319419237749546, "_timestamp": 1737740633.73574, "_runtime": 752.8816828727722, "_step": 1}