{"01_epoch": 5, "02_train_loss": 0.7658711548894643, "03_valid_loss": 0.8026608943939209, "04_valid_best_score": 0.2237320431337317, "apoo_ferritin_r": 0.0, "apoo_ferritin_p": 0.0, "apoo_ferritin_f4": 0.0, "beta_amylase_r": 0.0, "beta_amylase_p": 0.0, "beta_amylase_f4": 0.0, "beta_galactosidase_r": 0.0, "beta_galactosidase_p": 0.0, "beta_galactosidase_f4": 0.0, "ribosome_r": 0.7480314960629921, "ribosome_p": 0.30497592295345105, "ribosome_f4": 0.689140174951995, "thyroglobulin_r": 0.0, "thyroglobulin_p": 0.0, "thyroglobulin_f4": 0.0, "virus_like_particle_r": 0.975, "virus_like_particle_p": 0.33620689655172414, "virus_like_particle_f4": 0.876984126984127, "apo-ferritin": 0.05, "beta-amylase": 0.05, "beta-galactosidase": 0.05, "ribosome": 0.3, "thyroglobulin": 0.05, "virus-like-particle": 0.3, "_timestamp": 1738338583.7765517, "_runtime": 1490.0630066394806, "_step": 5}