{"01_epoch": 24, "02_train_loss": 0.6988995535807176, "03_valid_loss": 0.4856122136116028, "04_valid_best_score": 0.6147154355692362, "apoo_ferritin_r": 0.6379310344827587, "apoo_ferritin_p": 0.4868421052631579, "apoo_ferritin_f4": 0.6264940239043826, "beta_amylase_r": 0.0, "beta_amylase_p": 0.0, "beta_amylase_f4": 0.0, "beta_galactosidase_r": 0.75, "beta_galactosidase_p": 0.04017857142857143, "beta_galactosidase_f4": 0.36778846153846156, "ribosome_r": 0.8918918918918919, "ribosome_p": 0.5892857142857143, "ribosome_f4": 0.8657407407407407, "thyroglobulin_r": 0.7, "thyroglobulin_p": 0.25609756097560976, "thyroglobulin_f4": 0.6352313167259785, "virus_like_particle_r": 0.8, "virus_like_particle_p": 0.8888888888888888, "virus_like_particle_f4": 0.8047337278106509, "apo-ferritin": 0.75, "beta-amylase": 0.05, "beta-galactosidase": 0.35, "ribosome": 0.75, "thyroglobulin": 0.7, "virus-like-particle": 0.55, "_timestamp": 1738038156.7580614, "_runtime": 6797.753905296326, "_step": 24, "_wandb": {"runtime": 6796}}