{"01_epoch": 14, "02_train_loss": 0.5393572026427756, "03_valid_loss": 0.5245373249053955, "04_valid_best_score": 0.794047906742291, "apoo_ferritin_r": 0.9166666666666666, "apoo_ferritin_p": 0.66, "apoo_ferritin_f4": 0.8961661341853036, "beta_amylase_r": 0.6190476190476191, "beta_amylase_p": 0.125, "beta_amylase_f4": 0.5022727272727273, "beta_galactosidase_r": 0.7916666666666666, "beta_galactosidase_p": 0.1557377049180328, "beta_galactosidase_f4": 0.6383399209486166, "ribosome_r": 0.9230769230769231, "ribosome_p": 0.38961038961038963, "ribosome_f4": 0.8542713567839196, "thyroglobulin_r": 0.8979591836734694, "thyroglobulin_p": 0.22797927461139897, "thyroglobulin_f4": 0.7656090071647902, "virus_like_particle_r": 1.0, "virus_like_particle_p": 1.0, "virus_like_particle_f4": 1.0, "apo-ferritin": 0.15, "beta-amylase": 0.05, "beta-galactosidase": 0.45, "ribosome": 0.55, "thyroglobulin": 0.5, "virus-like-particle": 0.5, "_timestamp": 1738086445.029289, "_runtime": 6926.393486022949, "_step": 14, "_wandb": {"runtime": 6924}}