{"01_epoch": 5, "02_train_loss": 0.9413845361240448, "03_valid_loss": 0.9509687304496766, "04_valid_best_score": 0.08230685148476403, "apoo_ferritin_r": 0.18803418803418803, "apoo_ferritin_p": 0.004478371501272264, "apoo_ferritin_f4": 0.05512565406441152, "beta_amylase_r": 0.0, "beta_amylase_p": 0.0, "beta_amylase_f4": 0.0, "beta_galactosidase_r": 0.11627906976744186, "beta_galactosidase_p": 0.0007530120481927711, "beta_galactosidase_f4": 0.01159934497816594, "ribosome_r": 0.5039370078740157, "ribosome_p": 0.08516300731869594, "ribosome_f4": 0.3908747979162925, "thyroglobulin_r": 0.8808290155440415, "thyroglobulin_p": 0.00012651991349014855, "thyroglobulin_f4": 0.0021459068126972337, "virus_like_particle_r": 0.125, "virus_like_particle_p": 0.026595744680851064, "virus_like_particle_f4": 0.10265700483091789, "apo-ferritin": 0.25, "beta-amylase": 0.05, "beta-galactosidase": 0.2, "ribosome": 0.75, "thyroglobulin": 0.1, "virus-like-particle": 0.05, "_timestamp": 1738335762.7415671, "_runtime": 3194.482803106308, "_step": 5}