{"01_epoch": 12, "02_train_loss": 0.03941560309436737, "03_valid_loss": 0.04613794386386871, "04_valid_best_score": 0.10035419126328218, "05_valid_best_constant": 0.17142857142857143, "apoo_ferritin_r": 0.0, "apoo_ferritin_p": 0.0, "apoo_ferritin_f4": 0.0, "beta_amylase_r": 0.0, "beta_amylase_p": 0.0, "beta_amylase_f4": 0.0, "beta_galactosidase_r": 0.0, "beta_galactosidase_p": 0.0, "beta_galactosidase_f4": 0.0, "ribosome_r": 0.967741935483871, "ribosome_p": 0.13043478260869565, "ribosome_f4": 0.7024793388429753, "thyroglobulin_r": 0.0, "thyroglobulin_p": 0.0, "thyroglobulin_f4": 0.0, "virus_like_particle_r": 0.0, "virus_like_particle_p": 0.0, "virus_like_particle_f4": 0.0, "_timestamp": 1737819916.2731209, "_runtime": 2937.1333589553833, "_step": 12}