{"01_epoch": 4, "02_train_loss": 0.02993093285341422, "03_valid_loss": 0.016268181963823736, "04_valid_best_score": 0.3492341729634588, "05_valid_best_constant": 0.11071428571428571, "apoo_ferritin_r": 0.5858585858585859, "apoo_ferritin_p": 0.5321100917431193, "apoo_ferritin_f4": 0.5823981098641464, "beta_amylase_r": 0.0, "beta_amylase_p": 0.0, "beta_amylase_f4": 0.0, "beta_galactosidase_r": 0.0, "beta_galactosidase_p": 0.0, "beta_galactosidase_f4": 0.0, "ribosome_r": 0.33695652173913043, "ribosome_p": 0.24603174603174602, "ribosome_f4": 0.32978723404255317, "thyroglobulin_r": 0.46835443037974683, "thyroglobulin_p": 0.1615720524017467, "thyroglobulin_f4": 0.4212993971868721, "virus_like_particle_r": 0.7368421052631579, "virus_like_particle_p": 0.34146341463414637, "virus_like_particle_f4": 0.6898550724637682, "_timestamp": 1737742902.7165055, "_runtime": 1805.6964344978333, "_step": 4}