{"01_epoch": 2, "02_train_loss": 0.6262074231784395, "03_valid_loss": 0.5580278038978577, "04_valid_best_score": 0.566660014239803, "apoo_ferritin_r": 0.59375, "apoo_ferritin_p": 0.21468926553672316, "apoo_ferritin_f4": 0.5378850957535386, "beta_amylase_r": 0.5555555555555556, "beta_amylase_p": 0.0036023054755043226, "beta_amylase_f4": 0.05548302872062663, "beta_galactosidase_r": 0.8695652173913043, "beta_galactosidase_p": 0.048426150121065374, "beta_galactosidase_f4": 0.4353393085787452, "ribosome_r": 0.5636363636363636, "ribosome_p": 0.34065934065934067, "ribosome_f4": 0.5427394438722966, "thyroglobulin_r": 0.9333333333333333, "thyroglobulin_p": 0.07035175879396985, "thyroglobulin_f4": 0.5421412300683373, "virus_like_particle_r": 0.9310344827586207, "virus_like_particle_p": 0.9310344827586207, "virus_like_particle_f4": 0.9310344827586207, "apo-ferritin": 0.55, "beta-amylase": 0.05, "beta-galactosidase": 0.75, "ribosome": 0.7, "thyroglobulin": 0.5, "virus-like-particle": 0.7, "_timestamp": 1738460529.5112638, "_runtime": 2332.255296945572, "_step": 2}