{"01_epoch": 3, "02_train_loss": 0.6251372194036524, "03_valid_loss": 0.7140951156616211, "04_valid_best_score": 0.7157855758769643, "apoo_ferritin_r": 0.6666666666666666, "apoo_ferritin_p": 0.27586206896551724, "apoo_ferritin_f4": 0.6153846153846153, "beta_amylase_r": 0.9047619047619048, "beta_amylase_p": 0.02261904761904762, "beta_amylase_f4": 0.27465986394557823, "beta_galactosidase_r": 0.8333333333333334, "beta_galactosidase_p": 0.07168458781362007, "beta_galactosidase_f4": 0.5128205128205129, "ribosome_r": 0.9076923076923077, "ribosome_p": 0.6020408163265306, "ribosome_f4": 0.8813708260105447, "thyroglobulin_r": 0.9387755102040817, "thyroglobulin_p": 0.24083769633507854, "thyroglobulin_f4": 0.8020512820512821, "virus_like_particle_r": 1.0, "virus_like_particle_p": 0.30952380952380953, "virus_like_particle_f4": 0.884, "apo-ferritin": 0.75, "beta-amylase": 0.05, "beta-galactosidase": 0.75, "ribosome": 0.5, "thyroglobulin": 0.5, "virus-like-particle": 0.6, "_timestamp": 1738487665.4103212, "_runtime": 5591.209705352783, "_step": 3}