{"train_loss": 0.01621427956375886, "valid_loss": 0.026299994438886642, "valid_best_score": 0.5659147155004757, "valid_best_constant": 0.05, "apoo_ferritin_r": 0.13043478260869565, "apoo_ferritin_p": 0.0273972602739726, "apoo_ferritin_f4": 0.10680628272251308, "beta_amylase_r": 0.2, "beta_amylase_p": 0.030303030303030304, "beta_amylase_f4": 0.1504424778761062, "beta_galactosidase_r": 0.75, "beta_galactosidase_p": 0.08490566037735849, "beta_galactosidase_f4": 0.5134228187919464, "ribosome_r": 0.8064516129032258, "ribosome_p": 0.32051282051282054, "ribosome_f4": 0.7404181184668989, "thyroglobulin_r": 0.6666666666666666, "thyroglobulin_p": 0.15625, "thyroglobulin_f4": 0.5592105263157895, "virus_like_particle_r": 1.0, "virus_like_particle_p": 0.6470588235294118, "virus_like_particle_f4": 0.9689119170984456, "_timestamp": 1737738582.6101532, "_runtime": 210.94832730293274, "_step": 2}