{"01_epoch": 14, "02_train_loss": 0.54177961767988, "03_valid_loss": 0.5359199643135071, "04_valid_best_score": 0.7385918562824039, "apoo_ferritin_r": 0.7684210526315789, "apoo_ferritin_p": 0.5658914728682171, "apoo_ferritin_f4": 0.7525773195876287, "beta_amylase_r": 0.9166666666666666, "beta_amylase_p": 0.04059040590405904, "beta_amylase_f4": 0.4038876889848812, "beta_galactosidase_r": 0.8571428571428571, "beta_galactosidase_p": 0.1, "beta_galactosidase_f4": 0.5930232558139535, "ribosome_r": 0.9130434782608695, "ribosome_p": 0.42, "ribosome_f4": 0.854066985645933, "thyroglobulin_r": 0.9285714285714286, "thyroglobulin_p": 0.14207650273224043, "thyroglobulin_f4": 0.7004754358161648, "virus_like_particle_r": 1.0, "virus_like_particle_p": 0.7096774193548387, "virus_like_particle_f4": 0.9765013054830287, "apo-ferritin": 0.75, "beta-amylase": 0.05, "beta-galactosidase": 0.4, "ribosome": 0.6, "thyroglobulin": 0.65, "virus-like-particle": 0.6, "_timestamp": 1738482067.5662088, "_runtime": 20229.650162935257, "_step": 14, "_wandb": {"runtime": 20229}}