{"01_epoch": 27, "02_train_loss": 0.6788542437734026, "03_valid_loss": 0.48461878299713135, "04_valid_best_score": 0.709910531677527, "apoo_ferritin_r": 0.6304347826086957, "apoo_ferritin_p": 0.6744186046511628, "apoo_ferritin_f4": 0.6328626444159178, "beta_amylase_r": 0.7, "beta_amylase_p": 0.013059701492537313, "beta_amylase_f4": 0.1709770114942529, "beta_galactosidase_r": 0.8333333333333334, "beta_galactosidase_p": 0.1, "beta_galactosidase_f4": 0.5821917808219179, "ribosome_r": 0.9032258064516129, "ribosome_p": 0.5384615384615384, "ribosome_f4": 0.8686131386861313, "thyroglobulin_r": 0.8, "thyroglobulin_p": 0.1643835616438356, "thyroglobulin_f4": 0.6517571884984026, "virus_like_particle_r": 1.0, "virus_like_particle_p": 1.0, "virus_like_particle_f4": 1.0, "apo-ferritin": 0.5, "beta-amylase": 0.05, "beta-galactosidase": 0.75, "ribosome": 0.7, "thyroglobulin": 0.5, "virus-like-particle": 0.1, "_timestamp": 1737907592.9463432, "_runtime": 8332.737587213516, "_step": 27}