{"01_epoch": 14, "02_train_loss": 0.5242133861587893, "03_valid_loss": 0.6479441285133362, "04_valid_best_score": 0.5675804756775239, "apoo_ferritin_r": 0.7781569965870307, "apoo_ferritin_p": 0.4550898203592814, "apoo_ferritin_f4": 0.7469647330892273, "beta_amylase_r": 0.75, "beta_amylase_p": 0.02837837837837838, "beta_amylase_f4": 0.3005050505050505, "beta_galactosidase_r": 0.7631578947368421, "beta_galactosidase_p": 0.0452418096723869, "beta_galactosidase_f4": 0.3947157726180945, "ribosome_r": 0.8340425531914893, "ribosome_p": 0.2983257229832572, "ribosome_f4": 0.7543581616481775, "thyroglobulin_r": 0.9244186046511628, "thyroglobulin_p": 0.07871287128712871, "thyroglobulin_f4": 0.5664291701592624, "virus_like_particle_r": 0.5617977528089888, "virus_like_particle_p": 0.4065040650406504, "virus_like_particle_f4": 0.5494505494505495, "apo-ferritin": 0.2, "beta-amylase": 0.05, "beta-galactosidase": 0.3, "ribosome": 0.3, "thyroglobulin": 0.3, "virus-like-particle": 0.05, "_timestamp": 1738348106.1471603, "_runtime": 4668.973017215729, "_step": 14, "_wandb": {"runtime": 4667}}