{"01_epoch": 14, "02_train_loss": 0.526370542876898, "03_valid_loss": 0.6106585264205933, "04_valid_best_score": 0.4847350475597755, "apoo_ferritin_r": 0.8315789473684211, "apoo_ferritin_p": 0.07091561938958707, "apoo_ferritin_f4": 0.5098709187547457, "beta_amylase_r": 0.5833333333333334, "beta_amylase_p": 0.012259194395796848, "beta_amylase_f4": 0.15596330275229356, "beta_galactosidase_r": 0.8571428571428571, "beta_galactosidase_p": 0.01744186046511628, "beta_galactosidase_f4": 0.22368421052631576, "ribosome_r": 0.9130434782608695, "ribosome_p": 0.328125, "ribosome_f4": 0.826388888888889, "thyroglobulin_r": 1.0, "thyroglobulin_p": 0.035175879396984924, "thyroglobulin_f4": 0.38263665594855306, "virus_like_particle_r": 1.0, "virus_like_particle_p": 0.24175824175824176, "virus_like_particle_f4": 0.8442437923250563, "apo-ferritin": 0.75, "beta-amylase": 0.05, "beta-galactosidase": 0.75, "ribosome": 0.55, "thyroglobulin": 0.7, "virus-like-particle": 0.75, "_timestamp": 1738431794.7103372, "_runtime": 8719.568194150925, "_step": 14, "_wandb": {"runtime": 8717}}