{"01_epoch": 0, "02_train_loss": 0.8626302439028731, "03_valid_loss": 0.8844231367111206, "04_valid_best_score": 0.03462591222963654, "apoo_ferritin_r": 0.08421052631578947, "apoo_ferritin_p": 0.0050062578222778474, "apoo_ferritin_f4": 0.04361770365618986, "beta_amylase_r": 0.08333333333333333, "beta_amylase_p": 0.00041017227235438887, "beta_amylase_f4": 0.0064638783269961985, "beta_galactosidase_r": 0.14285714285714285, "beta_galactosidase_p": 0.0016051364365971107, "beta_galactosidase_f4": 0.02312925170068027, "ribosome_r": 0.0, "ribosome_p": 0.0, "ribosome_f4": 0.0, "thyroglobulin_r": 0.32142857142857145, "thyroglobulin_p": 0.004942339373970346, "thyroglobulin_f4": 0.06743058616130454, "virus_like_particle_r": 0.09090909090909091, "virus_like_particle_p": 0.0012698412698412698, "virus_like_particle_f4": 0.017644006227296314, "apo-ferritin": 0.1, "beta-amylase": 0.05, "beta-galactosidase": 0.1, "ribosome": 0.05, "thyroglobulin": 0.1, "virus-like-particle": 0.05, "_timestamp": 1738400838.6692822, "_runtime": 574.915530204773, "_step": 0}