{"01_epoch": 14, "02_train_loss": 0.5026343109352248, "03_valid_loss": 0.6095945984125137, "04_valid_best_score": 0.7008070320857642, "apoo_ferritin_r": 0.8484848484848485, "apoo_ferritin_p": 0.4263959390862944, "apoo_ferritin_f4": 0.8017967434025828, "beta_amylase_r": 0.8181818181818182, "beta_amylase_p": 0.02962962962962963, "beta_amylase_f4": 0.31891610213652954, "beta_galactosidase_r": 0.8870967741935484, "beta_galactosidase_p": 0.07161458333333333, "beta_galactosidase_f4": 0.53125, "ribosome_r": 0.8201058201058201, "ribosome_p": 0.29300567107750475, "ribosome_f4": 0.7416267942583732, "thyroglobulin_r": 0.8888888888888888, "thyroglobulin_p": 0.148664343786295, "thyroglobulin_f4": 0.6875197472353871, "virus_like_particle_r": 0.9701492537313433, "virus_like_particle_p": 0.5284552845528455, "virus_like_particle_f4": 0.9246861924686194, "apo-ferritin": 0.3, "beta-amylase": 0.05, "beta-galactosidase": 0.3, "ribosome": 0.3, "thyroglobulin": 0.3, "virus-like-particle": 0.3, "_timestamp": 1738382458.7274346, "_runtime": 4620.001156568527, "_step": 14, "_wandb": {"runtime": 4619}}