{"01_epoch": 1, "02_train_loss": 0.7676828489115173, "03_valid_loss": 0.7433975338935852, "04_valid_best_score": 0.37933467940440163, "apoo_ferritin_r": 0.6210526315789474, "apoo_ferritin_p": 0.04208273894436519, "apoo_ferritin_f4": 0.3432580424366872, "beta_amylase_r": 0.6666666666666666, "beta_amylase_p": 0.0027406646111682084, "beta_amylase_f4": 0.04371584699453552, "beta_galactosidase_r": 0.8571428571428571, "beta_galactosidase_p": 0.012170385395537525, "beta_galactosidase_f4": 0.168595041322314, "ribosome_r": 0.9565217391304348, "ribosome_p": 0.33587786259541985, "ribosome_f4": 0.8627450980392157, "thyroglobulin_r": 1.0, "thyroglobulin_p": 0.06862745098039216, "thyroglobulin_f4": 0.5560747663551402, "virus_like_particle_r": 0.0, "virus_like_particle_p": 0.0, "virus_like_particle_f4": 0.0, "apo-ferritin": 0.3, "beta-amylase": 0.05, "beta-galactosidase": 0.1, "ribosome": 0.45, "thyroglobulin": 0.75, "virus-like-particle": 0.05, "_timestamp": 1738396451.1735947, "_runtime": 1285.300312757492, "_step": 1}