{"01_epoch": 14, "02_train_loss": 0.5644289781438544, "03_valid_loss": 0.5429192185401917, "04_valid_best_score": 0.760211618464839, "apoo_ferritin_r": 0.8421052631578947, "apoo_ferritin_p": 0.5228758169934641, "apoo_ferritin_f4": 0.8129109384339508, "beta_amylase_r": 0.9166666666666666, "beta_amylase_p": 0.07333333333333333, "beta_amylase_f4": 0.5467836257309941, "beta_galactosidase_r": 0.7857142857142857, "beta_galactosidase_p": 0.19642857142857142, "beta_galactosidase_f4": 0.6678571428571428, "ribosome_r": 0.9347826086956522, "ribosome_p": 0.4777777777777778, "ribosome_f4": 0.8849878934624699, "thyroglobulin_r": 0.75, "thyroglobulin_p": 0.20388349514563106, "thyroglobulin_f4": 0.6479128856624319, "virus_like_particle_r": 1.0, "virus_like_particle_p": 0.88, "virus_like_particle_f4": 0.9920424403183025, "apo-ferritin": 0.5, "beta-amylase": 0.05, "beta-galactosidase": 0.75, "ribosome": 0.75, "thyroglobulin": 0.65, "virus-like-particle": 0.6, "_timestamp": 1738163875.1169844, "_runtime": 6964.637769460678, "_step": 14, "_wandb": {"runtime": 6964}}