{"01_epoch": 92, "02_train_loss": 0.009236203586844953, "03_valid_loss": 0.0005804587854072452, "04_valid_best_score": 0.5108875482571554, "05_valid_best_constant": 0.17142857142857143, "apoo_ferritin_r": 0.6739130434782609, "apoo_ferritin_p": 0.7948717948717948, "apoo_ferritin_f4": 0.68, "beta_amylase_r": 0.0, "beta_amylase_p": 0.0, "beta_amylase_f4": 0.0, "beta_galactosidase_r": 0.25, "beta_galactosidase_p": 0.1111111111111111, "beta_galactosidase_f4": 0.23287671232876714, "ribosome_r": 0.9032258064516129, "ribosome_p": 0.6222222222222222, "ribosome_f4": 0.8798521256931608, "thyroglobulin_r": 0.26666666666666666, "thyroglobulin_p": 0.5714285714285714, "thyroglobulin_f4": 0.2753036437246963, "virus_like_particle_r": 1.0, "virus_like_particle_p": 1.0, "virus_like_particle_f4": 1.0, "_timestamp": 1737816871.2248785, "_runtime": 17415.628856658936, "_step": 92}