{"01_epoch": 14, "02_train_loss": 0.5178927209307539, "03_valid_loss": 0.573960542678833, "04_valid_best_score": 0.471095577304279, "apoo_ferritin_r": 0.7789473684210526, "apoo_ferritin_p": 0.07370517928286853, "apoo_ferritin_f4": 0.49841521394611726, "beta_amylase_r": 0.3333333333333333, "beta_amylase_p": 0.0004822763443453099, "beta_amylase_f4": 0.008013198208814519, "beta_galactosidase_r": 0.7857142857142857, "beta_galactosidase_p": 0.006111111111111111, "beta_galactosidase_f4": 0.0923913043478261, "ribosome_r": 0.9565217391304348, "ribosome_p": 0.20853080568720378, "ribosome_f4": 0.7898627243928195, "thyroglobulin_r": 0.8928571428571429, "thyroglobulin_p": 0.049019607843137254, "thyroglobulin_f4": 0.44363256784968685, "virus_like_particle_r": 1.0, "virus_like_particle_p": 0.46808510638297873, "virus_like_particle_f4": 0.93734335839599, "apo-ferritin": 0.75, "beta-amylase": 0.05, "beta-galactosidase": 0.75, "ribosome": 0.75, "thyroglobulin": 0.75, "virus-like-particle": 0.75, "_timestamp": 1738418108.6665773, "_runtime": 9070.456162452698, "_step": 14, "_wandb": {"runtime": 9069}}