{"01_epoch": 14, "02_train_loss": 0.9281208743440345, "03_valid_loss": 0.9287122488021851, "04_valid_best_score": 0.12600468337862988, "apoo_ferritin_r": 0.6571428571428571, "apoo_ferritin_p": 5.8837072471924484e-05, "apoo_ferritin_f4": 0.0009987993971440979, "beta_amylase_r": 0.0, "beta_amylase_p": 0.0, "beta_amylase_f4": 0.0, "beta_galactosidase_r": 0.0, "beta_galactosidase_p": 0.0, "beta_galactosidase_f4": 0.0, "ribosome_r": 0.8648648648648649, "ribosome_p": 0.2962962962962963, "ribosome_f4": 0.7771428571428571, "thyroglobulin_r": 0.20588235294117646, "thyroglobulin_p": 0.003959276018099547, "thyroglobulin_f4": 0.051470588235294115, "virus_like_particle_r": 1.0, "virus_like_particle_p": 5.59294543149574e-05, "virus_like_particle_f4": 0.0009499506398196957, "apo-ferritin": 0.15, "beta-amylase": 0.05, "beta-galactosidase": 0.05, "ribosome": 0.25, "thyroglobulin": 0.15, "virus-like-particle": 0.15, "_timestamp": 1738290829.1357627, "_runtime": 9332.915706634521, "_step": 14, "_wandb": {"runtime": 9331}}