{"01_epoch": 14, "02_train_loss": 0.6030184054311286, "03_valid_loss": 0.5477791428565979, "04_valid_best_score": 0.6381356607242253, "apoo_ferritin_r": 0.953125, "apoo_ferritin_p": 0.6777777777777778, "apoo_ferritin_f4": 0.9308797127468581, "beta_amylase_r": 0.7777777777777778, "beta_amylase_p": 0.024822695035460994, "beta_amylase_f4": 0.27934272300469487, "beta_galactosidase_r": 0.782608695652174, "beta_galactosidase_p": 0.15254237288135594, "beta_galactosidase_f4": 0.6296296296296298, "ribosome_r": 0.7636363636363637, "ribosome_p": 0.5185185185185185, "ribosome_f4": 0.7429760665972946, "thyroglobulin_r": 0.9333333333333333, "thyroglobulin_p": 0.1990521327014218, "thyroglobulin_f4": 0.7669172932330827, "virus_like_particle_r": 0.0, "virus_like_particle_p": 0.0, "virus_like_particle_f4": 0.0, "apo-ferritin": 0.75, "beta-amylase": 0.05, "beta-galactosidase": 0.6, "ribosome": 0.65, "thyroglobulin": 0.5, "virus-like-particle": 0.05, "_timestamp": 1738191528.9512417, "_runtime": 6829.131708621979, "_step": 14, "_wandb": {"runtime": 6828}}