{"01_epoch": 6, "02_train_loss": 0.5658172267548581, "03_valid_loss": 0.7316845059394836, "04_valid_best_score": 0.4937390270358897, "apoo_ferritin_r": 0.8333333333333334, "apoo_ferritin_p": 0.1875, "apoo_ferritin_f4": 0.6929347826086957, "beta_amylase_r": 0.23809523809523808, "beta_amylase_p": 0.010438413361169102, "beta_amylase_f4": 0.10429447852760736, "beta_galactosidase_r": 0.5833333333333334, "beta_galactosidase_p": 0.034482758620689655, "beta_galactosidase_f4": 0.3012658227848101, "ribosome_r": 0.8307692307692308, "ribosome_p": 0.07681365576102418, "ribosome_f4": 0.5266781411359726, "thyroglobulin_r": 0.8979591836734694, "thyroglobulin_p": 0.08058608058608059, "thyroglobulin_f4": 0.562406015037594, "virus_like_particle_r": 1.0, "virus_like_particle_p": 0.05752212389380531, "virus_like_particle_f4": 0.5092165898617511, "apo-ferritin": 0.75, "beta-amylase": 0.05, "beta-galactosidase": 0.75, "ribosome": 0.75, "thyroglobulin": 0.75, "virus-like-particle": 0.75, "_timestamp": 1738422346.2675982, "_runtime": 4195.538073062897, "_step": 6}