{"01_epoch": 24, "02_train_loss": 0.6744202202016657, "03_valid_loss": 0.504536509513855, "04_valid_best_score": 0.7468828688474592, "apoo_ferritin_r": 0.8125, "apoo_ferritin_p": 0.6419753086419753, "apoo_ferritin_f4": 0.7999999999999999, "beta_amylase_r": 0.6666666666666666, "beta_amylase_p": 0.01948051948051948, "beta_amylase_f4": 0.22566371681415928, "beta_galactosidase_r": 0.7391304347826086, "beta_galactosidase_p": 0.1440677966101695, "beta_galactosidase_f4": 0.5946502057613169, "ribosome_r": 0.7090909090909091, "ribosome_p": 0.5492957746478874, "ribosome_f4": 0.6971608832807571, "thyroglobulin_r": 0.9111111111111111, "thyroglobulin_p": 0.22404371584699453, "thyroglobulin_f4": 0.7718715393133998, "virus_like_particle_r": 1.0, "virus_like_particle_p": 0.9666666666666667, "virus_like_particle_f4": 0.9979757085020242, "apo-ferritin": 0.7, "beta-amylase": 0.05, "beta-galactosidase": 0.45, "ribosome": 0.4, "thyroglobulin": 0.15, "virus-like-particle": 0.5, "_timestamp": 1738050052.3213902, "_runtime": 6824.138818264008, "_step": 24, "_wandb": {"runtime": 6822}}