{"01_epoch": 5, "02_train_loss": 0.6172470172986071, "03_valid_loss": 0.5938007831573486, "04_valid_best_score": 0.6464604815510187, "apoo_ferritin_r": 0.8793103448275862, "apoo_ferritin_p": 0.6071428571428571, "apoo_ferritin_f4": 0.8567193675889329, "beta_amylase_r": 0.8888888888888888, "beta_amylase_p": 0.03361344537815126, "beta_amylase_f4": 0.356020942408377, "beta_galactosidase_r": 0.8333333333333334, "beta_galactosidase_p": 0.10204081632653061, "beta_galactosidase_f4": 0.5862068965517241, "ribosome_r": 0.9054054054054054, "ribosome_p": 0.37640449438202245, "ribosome_f4": 0.8362701908957416, "thyroglobulin_r": 0.8, "thyroglobulin_p": 0.14634146341463414, "thyroglobulin_f4": 0.6335403726708074, "virus_like_particle_r": 0.7, "virus_like_particle_p": 0.04895104895104895, "virus_like_particle_f4": 0.3927392739273928, "apo-ferritin": 0.7, "beta-amylase": 0.05, "beta-galactosidase": 0.55, "ribosome": 0.15, "thyroglobulin": 0.65, "virus-like-particle": 0.75, "_timestamp": 1738559940.3626475, "_runtime": 50904.09016442299, "_step": 5}