{"01_epoch": 14, "02_train_loss": 0.5503688514866727, "03_valid_loss": 0.43194425106048584, "04_valid_best_score": 0.6934778525020455, "apoo_ferritin_r": 0.7758620689655172, "apoo_ferritin_p": 0.5421686746987951, "apoo_ferritin_f4": 0.7566765578635014, "beta_amylase_r": 1.0, "beta_amylase_p": 0.020930232558139535, "beta_amylase_f4": 0.26655052264808365, "beta_galactosidase_r": 0.8333333333333334, "beta_galactosidase_p": 0.10101010101010101, "beta_galactosidase_f4": 0.584192439862543, "ribosome_r": 0.8513513513513513, "ribosome_p": 0.5080645161290323, "ribosome_f4": 0.8188073394495413, "thyroglobulin_r": 0.8, "thyroglobulin_p": 0.18181818181818182, "thyroglobulin_f4": 0.6666666666666666, "virus_like_particle_r": 0.8, "virus_like_particle_p": 0.5333333333333333, "virus_like_particle_f4": 0.7771428571428571, "apo-ferritin": 0.75, "beta-amylase": 0.05, "beta-galactosidase": 0.75, "ribosome": 0.5, "thyroglobulin": 0.75, "virus-like-particle": 0.5, "_timestamp": 1738093404.2495708, "_runtime": 6952.119867801666, "_step": 14, "_wandb": {"runtime": 6950}}