{"01_epoch": 2, "02_train_loss": 0.6782735784848531, "03_valid_loss": 0.5808464288711548, "04_valid_best_score": 0.6888586591693308, "apoo_ferritin_r": 0.8695652173913043, "apoo_ferritin_p": 0.45454545454545453, "apoo_ferritin_f4": 0.8252427184466019, "beta_amylase_r": 0.7, "beta_amylase_p": 0.008641975308641974, "beta_amylase_f4": 0.122680412371134, "beta_galactosidase_r": 0.75, "beta_galactosidase_p": 0.06164383561643835, "beta_galactosidase_f4": 0.4526627218934911, "ribosome_r": 0.9354838709677419, "ribosome_p": 0.1746987951807229, "ribosome_f4": 0.7447129909365559, "thyroglobulin_r": 0.8666666666666667, "thyroglobulin_p": 0.16560509554140126, "thyroglobulin_f4": 0.6938775510204082, "virus_like_particle_r": 1.0, "virus_like_particle_p": 0.5789473684210527, "virus_like_particle_f4": 0.958974358974359, "apo-ferritin": 0.55, "beta-amylase": 0.05, "beta-galactosidase": 0.75, "ribosome": 0.65, "thyroglobulin": 0.75, "virus-like-particle": 0.6, "_timestamp": 1738494959.7001052, "_runtime": 1103.2739582061768, "_step": 2}