{"01_epoch": 4, "02_train_loss": 0.6863899932081576, "03_valid_loss": 0.7768158912658691, "04_valid_best_score": 0.15530835717658611, "apoo_ferritin_r": 0.5789473684210527, "apoo_ferritin_p": 0.0457190357439734, "apoo_ferritin_f4": 0.3433712816746236, "beta_amylase_r": 0.5833333333333334, "beta_amylase_p": 0.001227639424763241, "beta_amylase_f4": 0.020190023752969122, "beta_galactosidase_r": 0.5, "beta_galactosidase_p": 0.00853658536585366, "beta_galactosidase_f4": 0.11398467432950193, "ribosome_r": 0.41304347826086957, "ribosome_p": 0.056716417910447764, "ribosome_f4": 0.30158730158730157, "thyroglobulin_r": 0.7857142857142857, "thyroglobulin_p": 0.005671564836298015, "thyroglobulin_f4": 0.08643401895077421, "virus_like_particle_r": 0.045454545454545456, "virus_like_particle_p": 0.01694915254237288, "virus_like_particle_f4": 0.04136253041362531, "apo-ferritin": 0.75, "beta-amylase": 0.05, "beta-galactosidase": 0.65, "ribosome": 0.65, "thyroglobulin": 0.75, "virus-like-particle": 0.1, "_timestamp": 1738404739.582755, "_runtime": 2826.7693350315094, "_step": 4}