{"01_epoch": 24, "02_train_loss": 0.7185546257279136, "03_valid_loss": 0.8542073369026184, "04_valid_best_score": 0.39908884660421545, "apo-ferritin": 0.5, "beta-amylase": 0.05, "beta-galactosidase": 0.05, "ribosome": 0.6, "thyroglobulin": 0.05, "virus-like-particle": 0.75, "_timestamp": 1738043220.8826652, "_runtime": 5056.525342226028, "_step": 24, "apoo_ferritin_r": 0.8857142857142857, "apoo_ferritin_p": 0.62, "apoo_ferritin_f4": 0.8639344262295081, "beta_amylase_r": 0.0, "beta_amylase_p": 0.0, "beta_amylase_f4": 0.0, "beta_galactosidase_r": 0.0, "beta_galactosidase_p": 0.0, "beta_galactosidase_f4": 0.0, "ribosome_r": 0.9459459459459459, "ribosome_p": 0.7291666666666666, "ribosome_f4": 0.9296875, "thyroglobulin_r": 0.0, "thyroglobulin_p": 0.0, "thyroglobulin_f4": 0.0, "virus_like_particle_r": 1.0, "virus_like_particle_p": 1.0, "virus_like_particle_f4": 1.0, "_wandb": {"runtime": 5055}}