{"01_epoch": 2, "02_train_loss": 0.7727326872673902, "03_valid_loss": 0.8031677603721619, "04_valid_best_score": 0.4437269825101424, "apoo_ferritin_r": 0.2826086956521739, "apoo_ferritin_p": 0.18840579710144928, "apoo_ferritin_f4": 0.2745341614906832, "beta_amylase_r": 0.0, "beta_amylase_p": 0.0, "beta_amylase_f4": 0.0, "beta_galactosidase_r": 0.0, "beta_galactosidase_p": 0.0, "beta_galactosidase_f4": 0.0, "ribosome_r": 0.8709677419354839, "ribosome_p": 0.5192307692307693, "ribosome_f4": 0.8375912408759124, "thyroglobulin_r": 0.7, "thyroglobulin_p": 0.23595505617977527, "thyroglobulin_f4": 0.6274165202108963, "virus_like_particle_r": 1.0, "virus_like_particle_p": 0.14285714285714285, "virus_like_particle_f4": 0.7391304347826086, "apo-ferritin": 0.1, "beta-amylase": 0.05, "beta-galactosidase": 0.05, "ribosome": 0.5, "thyroglobulin": 0.25, "virus-like-particle": 0.1, "_timestamp": 1738066600.9467015, "_runtime": 862.3854556083679, "_step": 2}