{"01_epoch": 14, "02_train_loss": 0.9346441900793542, "03_valid_loss": 0.9375738501548767, "04_valid_best_score": 0.1637256673714127, "apoo_ferritin_r": 0.21951219512195122, "apoo_ferritin_p": 0.004178272980501393, "apoo_ferritin_f4": 0.054448398576512465, "beta_amylase_r": 0.0, "beta_amylase_p": 0.0, "beta_amylase_f4": 0.0, "beta_galactosidase_r": 0.45454545454545453, "beta_galactosidase_p": 0.0004261847937265598, "beta_galactosidase_f4": 0.007138058448102115, "ribosome_r": 0.5652173913043478, "ribosome_p": 0.2708333333333333, "ribosome_f4": 0.53125, "thyroglobulin_r": 0.8571428571428571, "thyroglobulin_p": 0.01607717041800643, "thyroglobulin_f4": 0.21022258862324814, "virus_like_particle_r": 0.3684210526315789, "virus_like_particle_p": 0.01088646967340591, "virus_like_particle_f4": 0.12565997888067582, "apo-ferritin": 0.1, "beta-amylase": 0.05, "beta-galactosidase": 0.2, "ribosome": 0.75, "thyroglobulin": 0.1, "virus-like-particle": 0.2, "_timestamp": 1738306158.4779737, "_runtime": 7508.736086606979, "_step": 14}