{"01_epoch": 0, "02_train_loss": 0.9564207673072815, "03_valid_loss": 0.952190101146698, "04_valid_best_score": -100, "apo-ferritin": 0.5, "beta-amylase": 0.5, "beta-galactosidase": 0.5, "ribosome": 0.5, "thyroglobulin": 0.5, "virus-like-particle": 0.5, "_timestamp": 1737978218.8703673, "_runtime": 32.63039040565491, "_step": 0}