{"01_epoch": 77, "02_train_loss": 0.7049332897771489, "03_valid_loss": 0.5777724981307983, "04_valid_best_score": 0.712394823886611, "apoo_ferritin_r": 0.8043478260869565, "apoo_ferritin_p": 0.6379310344827587, "apoo_ferritin_f4": 0.7921914357682619, "beta_amylase_r": 0.7, "beta_amylase_p": 0.0196078431372549, "beta_amylase_f4": 0.230174081237911, "beta_galactosidase_r": 0.75, "beta_galactosidase_p": 0.072, "beta_galactosidase_f4": 0.48264984227129337, "ribosome_r": 0.9032258064516129, "ribosome_p": 0.49122807017543857, "ribosome_f4": 0.8607594936708861, "thyroglobulin_r": 0.8666666666666667, "thyroglobulin_p": 0.16149068322981366, "thyroglobulin_f4": 0.6895475819032761, "virus_like_particle_r": 1.0, "virus_like_particle_p": 0.8461538461538461, "virus_like_particle_f4": 0.9894179894179894, "apo-ferritin": 0.6, "beta-amylase": 0.05, "beta-galactosidase": 0.75, "ribosome": 0.65, "thyroglobulin": 0.75, "virus-like-particle": 0.45, "_timestamp": 1737930629.9439123, "_runtime": 22730.396834373474, "_step": 77}