{"01_epoch": 0, "02_train_loss": 0.9540756808386909, "03_valid_loss": 0.9504722952842712, "04_valid_best_score": 0.0630002844883916, "apoo_ferritin_r": 0.0, "apoo_ferritin_p": 0.0, "apoo_ferritin_f4": 0.0, "beta_amylase_r": 0.0, "beta_amylase_p": 0.0, "beta_amylase_f4": 0.0, "beta_galactosidase_r": 0.0, "beta_galactosidase_p": 0.0, "beta_galactosidase_f4": 0.0, "ribosome_r": 0.46153846153846156, "ribosome_p": 0.2158273381294964, "ribosome_f4": 0.4325699745547074, "thyroglobulin_r": 0.0, "thyroglobulin_p": 0.0, "thyroglobulin_f4": 0.0, "virus_like_particle_r": 0.6153846153846154, "virus_like_particle_p": 0.0005024809999371898, "virus_like_particle_f4": 0.008432016864033727, "apo-ferritin": 0.05, "beta-amylase": 0.05, "beta-galactosidase": 0.05, "ribosome": 0.75, "thyroglobulin": 0.05, "virus-like-particle": 0.15, "_timestamp": 1737978980.0830219, "_runtime": 281.26532196998596, "_step": 0, "_wandb": {"runtime": 280}}