{"01_epoch": 24, "02_train_loss": 0.7427692608399825, "03_valid_loss": 0.6373619437217712, "04_valid_best_score": 0.5842539714609752, "apoo_ferritin_r": 0.7222222222222222, "apoo_ferritin_p": 0.5, "apoo_ferritin_f4": 0.7038216560509554, "beta_amylase_r": 0.0, "beta_amylase_p": 0.0, "beta_amylase_f4": 0.0, "beta_galactosidase_r": 0.0, "beta_galactosidase_p": 0.0, "beta_galactosidase_f4": 0.0, "ribosome_r": 0.9384615384615385, "ribosome_p": 0.6703296703296703, "ribosome_f4": 0.9168877099911582, "thyroglobulin_r": 0.8367346938775511, "thyroglobulin_p": 0.25308641975308643, "thyroglobulin_f4": 0.736786469344609, "virus_like_particle_r": 1.0, "virus_like_particle_p": 0.9285714285714286, "virus_like_particle_f4": 0.9954954954954955, "apo-ferritin": 0.4, "beta-amylase": 0.05, "beta-galactosidase": 0.05, "ribosome": 0.5, "thyroglobulin": 0.15, "virus-like-particle": 0.55, "_timestamp": 1738031352.9234283, "_runtime": 6639.172340393066, "_step": 24, "_wandb": {"runtime": 6637}}