{"train_loss": 0.010685485237362709, "valid_loss": 0.012813971377909184, "valid_best_score": 0.6999990655860433, "valid_best_constant": 0.11071428571428571, "apoo_ferritin_r": 0.6304347826086957, "apoo_ferritin_p": 0.5686274509803921, "apoo_ferritin_f4": 0.6264294790343076, "beta_amylase_r": 0.2, "beta_amylase_p": 0.09523809523809523, "beta_amylase_f4": 0.18784530386740333, "beta_galactosidase_r": 0.6666666666666666, "beta_galactosidase_p": 0.2, "beta_galactosidase_f4": 0.5862068965517241, "ribosome_r": 0.8709677419354839, "ribosome_p": 0.36, "ribosome_f4": 0.8038528896672504, "thyroglobulin_r": 0.8, "thyroglobulin_p": 0.1610738255033557, "thyroglobulin_f4": 0.6486486486486486, "virus_like_particle_r": 1.0, "virus_like_particle_p": 1.0, "virus_like_particle_f4": 1.0, "_timestamp": 1737738273.5033157, "_runtime": 77.4563148021698, "_step": 0}