{"01_epoch": 14, "02_train_loss": 0.5490310337949307, "03_valid_loss": 0.8407824635505676, "04_valid_best_score": 0.8467884581156502, "apoo_ferritin_r": 0.8857142857142857, "apoo_ferritin_p": 0.6078431372549019, "apoo_ferritin_f4": 0.8625204582651389, "beta_amylase_r": 0.8333333333333334, "beta_amylase_p": 0.055865921787709494, "beta_amylase_f4": 0.4582210242587601, "beta_galactosidase_r": 1.0, "beta_galactosidase_p": 0.21052631578947367, "beta_galactosidase_f4": 0.8192771084337349, "ribosome_r": 1.0, "ribosome_p": 0.4111111111111111, "ribosome_f4": 0.9222873900293256, "thyroglobulin_r": 1.0, "thyroglobulin_p": 0.1559633027522936, "thyroglobulin_f4": 0.7585301837270342, "virus_like_particle_r": 1.0, "virus_like_particle_p": 0.8181818181818182, "virus_like_particle_f4": 0.9870967741935484, "apo-ferritin": 0.7, "beta-amylase": 0.05, "beta-galactosidase": 0.55, "ribosome": 0.2, "thyroglobulin": 0.05, "virus-like-particle": 0.7, "_timestamp": 1738100280.7071934, "_runtime": 6868.982104301453, "_step": 14, "_wandb": {"runtime": 6866}}