{"01_epoch": 24, "02_train_loss": 0.7464047453620217, "03_valid_loss": 0.8578367233276367, "04_valid_best_score": 0.4073159502265498, "apoo_ferritin_r": 0.0, "apoo_ferritin_p": 0.0, "apoo_ferritin_f4": 0.0, "beta_amylase_r": 0.0, "beta_amylase_p": 0.0, "beta_amylase_f4": 0.0, "beta_galactosidase_r": 0.0, "beta_galactosidase_p": 0.0, "beta_galactosidase_f4": 0.0, "ribosome_r": 0.8918918918918919, "ribosome_p": 0.6, "ribosome_f4": 0.8670788253477589, "thyroglobulin_r": 0.8333333333333334, "thyroglobulin_p": 0.10638297872340426, "thyroglobulin_f4": 0.5944055944055945, "virus_like_particle_r": 0.8, "virus_like_particle_p": 0.7272727272727273, "virus_like_particle_f4": 0.7953216374269005, "apo-ferritin": 0.05, "beta-amylase": 0.05, "beta-galactosidase": 0.05, "ribosome": 0.5, "thyroglobulin": 0.6, "virus-like-particle": 0.6, "_timestamp": 1737999431.294538, "_runtime": 6667.973165988922, "_step": 24, "_wandb": {"runtime": 6666}}