{"01_epoch": 2, "02_train_loss": 0.7088415709634622, "03_valid_loss": 0.5355793237686157, "04_valid_best_score": 0.6678787902665854, "apoo_ferritin_r": 0.5434782608695652, "apoo_ferritin_p": 0.44642857142857145, "apoo_ferritin_f4": 0.5366161616161615, "beta_amylase_r": 0.7, "beta_amylase_p": 0.015765765765765764, "beta_amylase_f4": 0.19701986754966885, "beta_galactosidase_r": 0.8333333333333334, "beta_galactosidase_p": 0.05952380952380952, "beta_galactosidase_f4": 0.47222222222222227, "ribosome_r": 0.8387096774193549, "ribosome_p": 0.3333333333333333, "ribosome_f4": 0.7700348432055748, "thyroglobulin_r": 0.9666666666666667, "thyroglobulin_p": 0.15025906735751296, "thyroglobulin_f4": 0.7325408618127786, "virus_like_particle_r": 1.0, "virus_like_particle_p": 0.5789473684210527, "virus_like_particle_f4": 0.958974358974359, "apo-ferritin": 0.25, "beta-amylase": 0.05, "beta-galactosidase": 0.6, "ribosome": 0.75, "thyroglobulin": 0.55, "virus-like-particle": 0.75, "_timestamp": 1738492408.4201283, "_runtime": 1176.983871459961, "_step": 2}