{"01_epoch": 14, "02_train_loss": 0.5592867843014129, "03_valid_loss": 0.4445449113845825, "04_valid_best_score": 0.7479755945750813, "apoo_ferritin_r": 0.975609756097561, "apoo_ferritin_p": 0.625, "apoo_ferritin_f4": 0.9444444444444443, "beta_amylase_r": 0.7142857142857143, "beta_amylase_p": 0.058823529411764705, "beta_amylase_f4": 0.43147208121827413, "beta_galactosidase_r": 0.8181818181818182, "beta_galactosidase_p": 0.06716417910447761, "beta_galactosidase_f4": 0.49354838709677423, "ribosome_r": 0.782608695652174, "ribosome_p": 0.4090909090909091, "ribosome_f4": 0.7427184466019419, "thyroglobulin_r": 0.9142857142857143, "thyroglobulin_p": 0.23880597014925373, "thyroglobulin_f4": 0.7838616714697407, "virus_like_particle_r": 1.0, "virus_like_particle_p": 0.9047619047619048, "virus_like_particle_f4": 0.9938461538461538, "apo-ferritin": 0.6, "beta-amylase": 0.05, "beta-galactosidase": 0.3, "ribosome": 0.75, "thyroglobulin": 0.55, "virus-like-particle": 0.65, "_timestamp": 1738199050.5040383, "_runtime": 7515.210465431213, "_step": 14}