{"01_epoch": 9, "02_train_loss": 0.6984814591705799, "03_valid_loss": 0.5155428647994995, "04_valid_best_score": 0.6951648475958132, "apoo_ferritin_r": 0.8043478260869565, "apoo_ferritin_p": 0.4805194805194805, "apoo_ferritin_f4": 0.7736777367773678, "beta_amylase_r": 0.7, "beta_amylase_p": 0.01192504258943782, "beta_amylase_f4": 0.15930388219544847, "beta_galactosidase_r": 0.75, "beta_galactosidase_p": 0.06766917293233082, "beta_galactosidase_f4": 0.4707692307692308, "ribosome_r": 0.9354838709677419, "ribosome_p": 0.23577235772357724, "ribosome_f4": 0.7964458804523423, "thyroglobulin_r": 0.8666666666666667, "thyroglobulin_p": 0.16455696202531644, "thyroglobulin_f4": 0.6927899686520376, "virus_like_particle_r": 1.0, "virus_like_particle_p": 0.6470588235294118, "virus_like_particle_f4": 0.9689119170984456, "apo-ferritin": 0.6, "beta-amylase": 0.05, "beta-galactosidase": 0.75, "ribosome": 0.7, "thyroglobulin": 0.75, "virus-like-particle": 0.75, "_timestamp": 1738498829.0576878, "_runtime": 3662.6581716537476, "_step": 9}